-- phpMyAdmin SQL Dump
-- version 4.7.0
-- https://www.phpmyadmin.net/
--
-- Host: 127.0.0.1
-- Generation Time: Nov 16, 2017 at 09:34 PM
-- Server version: 10.1.22-MariaDB
-- PHP Version: 7.1.4

SET SQL_MODE = "NO_AUTO_VALUE_ON_ZERO";
SET AUTOCOMMIT = 0;
START TRANSACTION;
SET time_zone = "+00:00";


/*!40101 SET @OLD_CHARACTER_SET_CLIENT=@@CHARACTER_SET_CLIENT */;
/*!40101 SET @OLD_CHARACTER_SET_RESULTS=@@CHARACTER_SET_RESULTS */;
/*!40101 SET @OLD_COLLATION_CONNECTION=@@COLLATION_CONNECTION */;
/*!40101 SET NAMES utf8mb4 */;

--
-- Database: `teambugsphase4`
--
CREATE DATABASE IF NOT EXISTS `teambugsphase4` DEFAULT CHARACTER SET latin1 COLLATE latin1_swedish_ci;
USE `teambugsphase4`;

-- --------------------------------------------------------

--
-- Table structure for table `course`
--

CREATE TABLE `course` (
  `Dep_Id` int(11) DEFAULT NULL,
  `Num` varchar(128) NOT NULL,
  `Name` varchar(128) NOT NULL,
  `Description` text NOT NULL,
  `Credits` int(11) DEFAULT NULL,
  `Attr` text,
  `Professor` text
) ENGINE=InnoDB DEFAULT CHARSET=latin1;

--
-- Dumping data for table `course`
--

INSERT INTO `course` (`Dep_Id`, `Num`, `Name`, `Description`, `Credits`, `Attr`, `Professor`) VALUES
(1, '150', 'Biology I', 'First of a two-course sequence, introduction to biochemistry, molecular genetics, cell structure and function, and evolution. Lab required.', 4, 'Breadth-Life Sciences, Experiences-Laboratory, Intro Natural Sciences & Math, Science Lab Course', 'Christopher Theodorakis,	Kelly Barry, Christine Simmons,	Elizabeth Esselman'),
(1, '151', 'Biology II', 'Second of a two-course sequence, introduction to biochemistry, molecular genetics, cell structure and function, and evolution. Lab required.', 4, 'Breadth-Life Sciences, Experiences-Laboratory, Intro Natural Sciences & Math, Science Lab Course', 'Christopher Theodorakis,	Kelly Barry, Christine Simmons,	Elizabeth Esselman'),
(1, '319', 'Cell and Molecular Biology', 'Basic biological chemistry as related to cellular function. Introduction to the structure and function of macromolecule. Differentiation between eukaryotes and prokaryotes. Three lectures and one lab per week.', 0, '', ''),
(4, '131/131L', 'College Physics I', 'This course is the first semester of a two semester sequence. Designed to meet pre-medical and biological science requirements. Topics include mechanics, fluids, energy and heat and gravitation.', 0, '', ''),
(3, '107', 'Concepts of Stats', 'Basic concepts of descriptive statistics; probability distribution and inferential statistics (estimating parameters and testing hypotheses); sampling, experimental design, correlation and regression, consumer price index. Credit may not be granted for both 107 and 244.', 0, '', ''),
(2, '121A', 'General Chemistry I', 'University-level modern chemistry for science students, atomic structure, molecular bonding, structure, stoichiometry, chemical change, equilibrium, qualitative analysis. Four lecture hours per week. Must be taken in sequence.', 0, '', ''),
(2, '121B', 'General Chemistry II', 'University-level modern chemistry for science students, atomic structure, molecular bonding, structure, stoichiometry, chemical change, equilibrium, qualitative analysis. Four lecture hours per week. Must be taken in sequence.', 0, '', ''),
(2, '125A', 'General Chemistry Lab I', 'Laboratory safety practices, techniques, qualitative and quantitative analysis, chemical change and equilibria. One three-hour laboratory per week.', 0, '', ''),
(2, '125B', 'General Chemistry Lab II', 'Laboratory safety practices, techniques, qualitative and quantitative analysis, chemical change and equilibria. One three-hour laboratory per week.', 0, '', ''),
(1, '220', 'Genetics', 'Introduction to transmission, molecular and population genetics with applications to all organisms. Lab required. ', 0, '', ''),
(1, '350', 'Microbiology', 'Structure, metabolism, and genetics of bacteria and bacteriophages. Role of bacteria in disease, biotechnology, and the environment.', 0, '', ''),
(2, '241A', 'Organic Chemistry I', 'Structural types of organic compounds correlated with chemical and physical properties. Bonding, reaction dynamics, reaction types, stereochemistry, functional groups, spectroscopic methods. Three lecture hours per week. ', 0, '', ''),
(3, '244', 'Statistics', 'Summarizing data, including distributions, change and growth, relationships. Basics of survey design and experimental design. Inferential statistics, including confidence intervals and hypothesis testing. Credit may not be granted for both 107 and 244.', 0, '', '');

-- --------------------------------------------------------

--
-- Table structure for table `departments`
--

CREATE TABLE `departments` (
  `Dep_Id` int(11) NOT NULL,
  `Department` varchar(6) NOT NULL
) ENGINE=InnoDB DEFAULT CHARSET=latin1;

--
-- Dumping data for table `departments`
--

INSERT INTO `departments` (`Dep_Id`, `Department`) VALUES
(1, 'BIOL'),
(2, 'CHEM'),
(4, 'PHY'),
(3, 'STAT');

-- --------------------------------------------------------

--
-- Table structure for table `faculty`
--

CREATE TABLE `faculty` (
  `name` varchar(255) NOT NULL,
  `status` varchar(255) NOT NULL,
  `education` varchar(255) NOT NULL,
  `office` varchar(25) NOT NULL,
  `researchlab` varchar(25) NOT NULL,
  `phone` varchar(15) NOT NULL,
  `email` varchar(50) NOT NULL,
  `web` varchar(100) NOT NULL,
  `coursetaught` varchar(1000) NOT NULL,
  `researchinterests` text NOT NULL,
  `researchopportunities` text NOT NULL,
  `selectedpublications` text NOT NULL,
  `imagelink` varchar(50) NOT NULL,
  `interest` text NOT NULL
) ENGINE=InnoDB DEFAULT CHARSET=latin1;

--
-- Dumping data for table `faculty`
--

INSERT INTO `faculty` (`name`, `status`, `education`, `office`, `researchlab`, `phone`, `email`, `web`, `coursetaught`, `researchinterests`, `researchopportunities`, `selectedpublications`, `imagelink`, `interest`) VALUES
('Dr. Amy Hubert', 'Assistant Professor', 'Ph.D. University of Wisconsin-Madison, 2008', 'SLW 1170', 'SLW 1015', '(618) 650-3406', 'ahubert@siue.edu', 'Not Any', 'Genetics (BIOL 220), Developmental Biology (BIOL 425), Recombinant DNA Lab (BIOL 418B/518B), Topics ', 'My lab studies the molecular biology and genetics of stem cells and regeneration in planarian flatworms. These worms have the remarkable ability to regenerate any part of their body in about one week following amputation or injury. This process relies on the function of a large pool of stem cells that can divide and differentiate to become any cell type needed to replace the missing tissues. Many genes must be turned on and off in a coordinated fashion to direct regeneration, and I am interested in how these changes in gene expression are regulated.I am currently looking at how epigenetic regulators, proteins that modify DNA or the histones it is wrapped around, function in stem cell maintenance and regeneration.', 'Undergraduate and graduate students interested in working in my lab should?contact me.', '<p>Kelly G Ross, K. Omuro,&#160;M. Taylor,&#160;R. Munday,&#160;Amy Hubert,&#160;R. King, Ricardo M&#160;Zayas. 2015. Novel monoclonal antibodies to study tissue regeneration in planarians. BMC Developmental Biology, 15, 2, www.biomedcentral.com/1471-213X/15/2.</p>\r\n<p>Amy Hubert, Jordana M Henderson, Kelly G Ross, Jessica Torres, Ricardo M Zayas. 2013. Epigenetic regulation of planarian stem cells by the SET1/MLL family of histone methyltransferases. <i>Epigenetics</i> 8 (1): 1-13.</p>\r\n<p>Martis W Cowles, Amy Hubert and Ricardo M Zayas. 2012. A <i>Lissencephaly-1</i> homologue is essential for mitotic progression in the planarian <i>Schmidtea mediterranea</i>. <i>Developmental Dynamics</i> 241 (5): 901&#8211;910.</p>\r\n<p>Amy M Hubert and Philip Anderson. 2009. The <i>C. elegans</i> sex determination gene <i>laf-1</i> encodes a putative DEAD-box RNA helicase. <i>Developmental Biology</i> 330 (2): 358-67.</p>\r\n<p>Bridget T Jacques-Fricke<sup>*</sup>, Amy M Hubert<sup>*</sup> and Sarah M Miller. 2009. A versatile module to improve understanding of scientific literature through peer instruction. <i>Journal of College Science Teaching </i>39 (2): 24-32.&#160;&#160;&#160;&#160; * = equal first authors</p>', '../images/faculty/Amy_Hubert.jpg', 'Molecular biology of stem cells and regeneration in planarian flatworms.'),
('Dr. Ben Greenfield', 'Assistant Professor', 'Ph.D.University of California Berkeley, 2016', 'SLW 2200', 'SLW 2100', '(618) 650-3115', 'begreen@siue.edu', 'Not Any', 'Contemporary Biology (BIOL 111), Occupational Health (ENSC 473), Environmental Sciences Seminar (ENS', 'I\'m an environmental scientist interested in human health hazard and exposure assessment. My prior research experience largely focused on monitoring and modeling aquatic contaminant fate, bioaccumulation, and human exposure. Presently, I am interested in the development and interpretation of local spatial monitoring networks for hazardous pollutants of environmental justice concern. Topics of interest include 1. lead, chromium, and other metals in soils and indoor settings; 2. municipal drinking water quality; 3. opinions and behavior regarding local water sources; 4. spatiotemporal variation in particulate air pollution; and 5. spatial integration of multiple health hazard data sources. I am also very interested in the development of effective strategies to engage traditionally underrepresented students in environmental sciences.', 'In 2016, I anticipate having opportunities for one or two students who are motivated to begin new research projects in my laboratory. I am especially interested in mentoring students who have or want experience working with, supporting, and learning from local, vulnerable, and traditionally underrepresented communities in the local region. Students in my lab may conduct independent field data collection on environmental hazards in Southern Illinois, as well as data assembly and integration exercises employing GIS and literature review. I can provide interesting project ideas, resources for equipment purchase, and guidance in field survey development, data collection, data analysis, and interpretation. However, to be successful in my lab (and in Environmental Sciences generally), students must exhibit a high degree of self-motivation and some initiative and independence. I invite students interested in developing or implementing projects related to my research interests to email me. Any students in the local region can also contact me to set up a time to meet on campus.', '<p>Luengen, A., H.M. Foslund, and B.K. Greenfield. 2016. Decline in methylmercury in museum-preserved bivalves from San Francisco Bay, California. Science of the Total Environment. In Press.</p>\r\n<p>Peng, Q., L.M. Nunes, B.K. Greenfield, F. Dang, and H. Zhong. 2016. Are Chinese consumers at risk due to exposure to metals in crayfish? A bioaccessibility-adjusted probabilistic risk assessment. Environment International. 88:261-268.</p>\r\n<p>Greenfield, B.K., A.R. Melwani, and S.M. Bay. 2015. A tiered assessment framework to evaluate human health risk of contaminated sediment. Integr. Environ. Assess. Manag. 11(3):459-473.</p>\r\n<p>Dang, F., K. Zhao, B.K. Greenfield, H. Zhong, Y. Wang, Z. Yang, and D. Zhou. 2015. Soil geochemistry and digestive solubilization control mercury bioaccumulation in the earthworm Pheretima guillemi. Journal of Hazardous Materials. 292:44-51.</p>\r\n<p>Peng, Q., B.K. Greenfield, F. Dang, and H. Zhong. 2015. Human exposure to methylmercury from crayfish (Procambarus clarkii) in China. Environmental Geochemistry and Health. DOI: 10.1007/s10653-015-9701-4.</p>\r\n<p>Rodenburg, L.A., Q. Meng, D. Yee, and B.K. Greenfield. 2014. Evidence for photochemical and microbial debromination of polybrominated diphenyl ether flame retardants in San Francisco Bay sediment. Chemosphere. 106:36-43.</p>\r\n<p>Greenfield, B.K., D.G. Slotton, and K.H. Harrold. 2013. Predictors of mercury spatial patterns in San Francisco Bay forage fish. Environ. Toxicol. Chem. 32:2728&#8211;2737.</p>\r\n<p>Greenfield, B.K. and R.M. Allen. Polychlorinated biphenyl spatial patterns in San Francisco Bay forage fish. 2013. Chemosphere. 90:1693-1703.</p>', '../images/faculty/Ben_Greenfield.jpg', 'Human exposure to environmental contaminants, risk assessment, antimicrobial resistance, environmental justice, health geography, local contamination in Southern Illinois, stressor integration in environmental health.'),
('Dr. Chris Theodorakis', 'Professor', 'Ph.D. University of Tennessee, 1994', 'SLW 2215', 'SLW 2225', '(618) 650-5235', 'ctheodo@siue.edu', 'http://www.siue.edu/~ctheodo/', 'Freshman Seminar (BIOL 111-FS), Introduction to Biological Sciences I (BIOL 150), Evolution (BIOL 32', 'Our laboratory focuses on aquatic ecotoxicology, endocrine disruption, genetic ecotoxicology, evolutionary toxicology, an conservation genetics. Current research projects include effects of thyroid hormone modulation on arsenic-induced toxicity in fish; interrelationships between fish community structure, oxidative stress, DNA damage, water quality, and pollution in stream fish; and toxicity of nanoparticles in Planaria and bacteria.', 'Please contact me.', '<p>Theodorakis, CW, SM Adams, C Smith, J Rotter, A Hay, and J Eslick. 2017. Effects of Military activity and habitat quality on DNA damage and oxidative stress in the largest population of the Federally threatened gopher tortoise. Ecotoxicology (in press).</p>\r\n<p>Nations, S, M Wages, JE Ca&#241;as, J Maul, C Theodorakis, and GP Cobb. 2015. Subchronic and chronic developmental effects of copper oxide (CuO) nanoparticles on Xenopus laevis. Chemosphere 135: 166&#8211;174.</p>\r\n<p>Theodorakis, C.W., J.W. Bickham, K.C. Donnelly, T.J. McDonald, and P.W. Willink.&#160; 2012.&#160; DNA damage in cichlids from an oil production facility in Guatemala.&#160; Ecotoxicology 21: 496-511</p>\r\n<p>Richter, S.C.,&#160; J.A. Jackson, M. Hinderliter, D. Epperson, C.W. Theodorakis, and S.M. Adams.&#160; 2011.&#160; Conservation genetics of the largest cluster of federally threatened gopher tortoise (Gopherus polyphemus) colonies with implications for species management. Herpetologica. 67: 406-419.</p>\r\n<p>Nations, S, M Wages, JE Ca&#241;as, J Maul, C Theodorakis, and GP Cobb.&#160; 2011.&#160; Acute effects of Fe2O3, TiO2, ZnO and CuO&#160; nanoparticles on Xenopus.&#160; Chemosphere. 83: 1053&#8211;1061.</p>\r\n<p>Theodorakis, C.W. 2011. Ecotoxicology. In Encyclopedia of Life Sciences. Wiley-Blackwell, NY.</p>\r\n<p>Nations, S, M Long, M Wages, JE Ca&#241;as, J Maul, C Theodorakis, and GP Cobb.&#160; 2011.&#160;&#160; Effects of ZnO nanoparticles Xenopus laevis growth and development.&#160; Ecotoxicology and Environmental Safety 74: 203&#8211;210.</p>\r\n<p>Shugart, L.R., C.W. Theodorakis, and J.W. Bickham.&#160; 2010.&#160; Evolutionary Toxicology.&#160; In&#160; J.A. DeWoody, J.W.&#160; Bickham, C. Michler, K. Nichols, G. Rhodes, K. Woeste (eds.).&#160; Molecular Approaches in Natural Resource Conservation and Management, Cambridge University Press, NY.&#160; Pp 320-362.</p>\r\n<p>Neuparth, T., Costa, F.O.,&#160; Theodorakis, C.W.,&#160; Costa, M.H.,&#160; Bickham, J.W.&#160; 2009.&#160; Assessment of DNA damage in blood cells of Sparus aurata L. exposed to benzo[a]pyrene using three distinct genotoxicity assays. Fresenius Environ. Bull 18:&#160; 461-467.</p>\r\n<p><span style=\"color: #1f497d;\">Theodorakis, CW, SM Adams, C Smith, J Rotter, A Hay, and J Eslick. (in press) Effects of Military activity and habitat quality on DNA damage and oxidative stress in the largest population of the Federally threatened gopher tortoise.&#160; Ecotoxicol.</span></p>\r\n\r\n<p><span style=\"color: #1f497d;\">&#160;</span></p>\r\n<p><span style=\"color: #1f497d;\">Nations, S, M Wages, JE Ca&#241;as, J Maul, C Theodorakis, and GP Cobb.&#160; (2015)&#160; Subchronic and chronic developmental effects of copper oxide (CuO) nanoparticles on Xenopus laevis.&#160; Chemosphere 135: 166&#8211;174.</span></p>', '../images/faculty/Chris_Theodorakis.jpg', 'Aquatic ecotoxicology, water quality, molecular and genetic toxicology, biomarkers, oxidative stress & DNA damage, nanotoxicology, evolutionary toxicology, endocrine disruption, conservation genetics, molecular ecology.'),
('Dr. David Jennings', 'Assistant Professor', 'Ph.D. University of Colorado, 1997', 'SLW 1285', 'SLW 0020', '(618) 650-3614', 'dajenni@siue.edu', 'Not Any', 'Contemporary Biology (BIOL 111), Freshman Seminar (BIOL 111-FS), Human Sexuality and Reproduction (B', 'I am interested in the evolution of development and the role of hormones in vertebrate life histories.', 'Please contact me.', '<p>Packard, M.J., D.H. Jennings, and J. Hanken. (1996).&#160; Growth and uptake of mineral by embryos of the direct-developing frog, <i>Eleutherodacytlus</i> <i>coqui</i>.&#160; Comparative Biochemistry and Physiology 113A, 343-349.&#160;&#160;&#160;&#160;&#160;&#160;&#160;&#160;&#160;</p>\r\n<p>Hanken, J., D.H. Jennings, and L. Olsson. (1997).&#160; Mechanistic basis of life-history evolution in anuran amphibians: Direct development.&#160; Am. Zool. 37, 160-171.</p>\r\n<p>Hanken, J., M.W. Klymkowsky, K.E. Alley, and D.H. Jennings. (1997).&#160; Life history evolution alters embryonic patterning in direct-developing frogs.&#160; Proc. R. Soc. Lond. B, 264, 1349-1354.</p>\r\n<p>Jennings, D.H., and J. Hanken (1998).&#160; Mechanistic basis of life history evolution in anuran amphibians: Thyroid gland development in the direct-developing frog, <i>Eleutherodacytlus</i> <i>coqui. </i>General and Comparative Endocrinology, 111, 225-232.</p>\r\n<p>Breuner, C., D.H. Jennings, M.C. Moore, and M. Orchinik. (2000).&#160; Pharmacological adrenalectomy with mitotane. General and Comparative Endocrinology 120, 27-34.</p>\r\n<p>Jennings, D.H., M.C. Moore, R. Knapp, L. Matthews, and M. Orchinik. (2000).&#160; Plasma steroid-binding globulins mediate stress reactivity in the tree lizard, <i>Urosaurus ornatus</i>. General and Comparative Endocrinology 120, 289-299.</p>\r\n<p>Painter, D., D.H. Jennings, and M.C. Moore. (2002).&#160; Placental buffering of maternal steroid hormone effects on fetal and yolk hormone levels: a comparative study of a viviparous lizard, <i>Sceloporus jarrovi</i>, and an oviparous lizard, <i>Sceloporus graciosus</i>.&#160; General and Comparative Endocrinology 127, 105-116.&#160;</p>\r\n<p>Weiss, S.L., D.H. Jennings, and M.C. Moore. (2002). Effect of captivity in semi-natural enclosures on the reproductive endocrinology of female lizards.&#160;&#160; General and Comparative Endocrinology 128, 238-246.</p>\r\n<p>Jennings, D.H., D.L. Painter, and M.C. Moore. (2004).&#160; Role of the adrenal gland in early post-hatching differentiation of alternative male phenotypes in the tree lizard (<i>Urosaurus ornatus</i>).&#160; General and Comparative Endocrinology 135, 81-89.</p>\r\n<p>Taylor, E.T, DeNardo, D., and D.H. Jennings. (2004).&#160; Seasonal steroid hormone levels and their relation to reproduction in the Western Diamond-backed Rattlesnake, Crotalus atrox (Serpentes: Viperidae).&#160; General and Comparative Endocrinology 136, 328-337.</p>\r\n<p>Steiner, A.A., M.D. Dogan, A.I. Ivanov, S. Patel, A.Y. Rudaya, D.H. Jennings, M. Orchinik, T.W.W. Pace, K.A. O&#8217;Connor, L.R. Watkins, and A.A. Romanovsky (2004). A new function&#160; of the leptin receptor: mediation of the recovery from lipopolysaccharide-induced hypothermia.&#160; FASEB Journal, 18, 1949-1951.&#160;</p>', '../images/faculty/David_Jennings.jpg', 'Endocrine regulation of evolutionary changes in development and life history strategies.'),
('Dr. Danielle N. Lee', 'Visiting Assistant Professor', 'Ph.D.University of Missouri - St. Louis, 2010', 'SLW 1285', 'SLW 0010', '(618) 650-3405', 'danilee@siue.edu', 'Not Any', 'Human Biology (BIOL 140), Introduction to Biological Science II (BIOL 151), Mammalogy (BIOL 488), Ur', 'I am interested in how ecology and evolutionary components contribute to the behavior of animals. My research involves examining behavioral variation across gradients. Part of my research involves examining the African giant pouched rat (Cricetomys ansorgei) to determine the extent to which they demonstrate behavioral syndromes and if there is a genetic component to the behavioral differences. I am expanding my research to examine behavioral differences of small rodents across urban gradients in the St. Louis Metropolitan region. My science outreach efforts emphasize sharing science to general audiences, particularly under-served groups, via outdoor programming and social media. My work includes The Urban Scientist a blog about urban ecology, evolutionary biology and diversity in the sciences, hosted by Scientific American Blog Network.', 'Undergraduate and graduate students interested in research opportunities in my lab should?contact me.', 'None', '../images/faculty/Danielle_Lee.jpg', 'Animal Behavior, Urban Ecology, Mammalogy, Science Outreach.'),
('Dr. Darron Luesse', 'Associate Professor, Assistant Chair', 'Ph.D. Indiana University, 2006', 'SLW 1125', 'SLW 1020', '(618) 650-2153', 'dluesse@siue.edu', 'http://www.siue.edu/~dluesse/', 'Cell and Molecular Biology (BIOL 319), Plant Physiology (BIOL 472), Molecular Plant Biology (BIOL 47', 'I am interested in how plants, as sessile organisms, perceive and respond to environmental stimuli My current research utilizes the genetic model organism Arabidopsis thaliana to study asymmetric growth in response to a change in the direction of gravity, a process known as gravitropism. Simply stated, I study how plants know which way is up, and how they respond to a reorientation with respect to gravity. More specifically, I am fascinated by the complex signaling pathways that regulate such a straightforward response. To better understand these processes I use a combination of molecular, genetic and physiological approaches to gain functional information about the genes required for a plant to sense and physically respond to gravity.Most recently, this has led to a collaboration with NASA to determine the differences in protein expression and post translational modifications between ground samples vs. those in orbit on the International Space Station.', 'For inquiries please contact me.', '<p>Ruppel, NJ, Kropp, KN, Davis, PA, Martin, AE, Luesse, DR, and Hangarter, RP. (2013)&#160; Mutations in GERANYLGERANYL DIPHOSPHATE SYNTHASE 1 affect chloroplast development in <em>Arabidopsis thaliana</em>.&#160; American Journal of Botany 100(10): 2074-2084.</p>\r\n<p>Luesse, DR, Schenck, CA, Berner, BK, Justus, B, Wyatt, SE (2010) GPS4 is allelic to ARL2: Implications for gravitropic signal transduction. Gravitational and Space Biology 23: 95-96.</p>\r\n<p>Luesse, DR, DeBlasio, SL, Hangarter RP (2010) Integration of phot1, phot2, and PhyB signalling in light-induced chloroplast movements. Journal of Experimental Botany. 61: 4387-4397.</p>\r\n<p>Luesse, D. R., DeBlasio, S. L., and Hangarter, R. P. (2006) Plastid Movement Impaired 2 (PMI2), a new gene required for normal blue-light-induced chloroplast movements in <em>Arabidopsis thaliana</em>. Plant Physiology, 141: 1328-1337.</p>\r\n<p>DeBlasio, S. L., Luesse, D. R., and Hangarter, R. P. (2005) A plant-specific protein essential for blue-light-induced chloroplast movements. Plant Physiology, 139: 101-114.</p>', '../images/faculty/Darron_Luesse.jpg', 'Molecular processes behind plant gravitropism and other environmental responses, intracellular signal transduction, chlorophyll synthesis, and plant physiology.'),
('Dr. Elaine Abusharbain', 'Associate Professor', 'Ph.D. Southern Illinois University Carbondale, 1992', 'SLW 1240', 'SLW 1390', '(618) 650-2453', 'eabusha@siue.edu', 'http://www.siue.edu/~eabusha/', 'Biology 111, 494, 580, 595, 596, Science 241a, CI 352b.', 'My research area is in biology education. This comprises the major problems and issues facing in-service and preservice science educators. Specialty areas are a) constructivist classroom environment, b) classroom community and empowerment in environmental education, c) in-service teacher professional development, and d) inquiry-based teaching.', 'Students and teachers conduct studies on misconceptions about climate change.', 'AbuSharbain, E. (2008, October). Rainforest Partnership Has Benefits for All. Paper presented at North American Association of Environmental Education. Published conference proceedings. Witchita, Kansas.\r\n\r\n<p>\r\nAbusharbain, E (2005, October).  The Effect of the Action Research and Community Problem Solving Model on Graduate service Teachers and Environmental Educators. Paper presented at North American Association of Environmental Education Published conference proceedings. Albuquerque, New Mexico.</p>\r\n\r\n<p>\r\nAbusharbain, E (2004, October).  Environmental Education Infusion in the Secondary Science Methods Course.  North American Association of Environmental Educators.\r\n</p>\r\n<p>\r\nAbusharbain, E (2002). Enhancing inservice teachers’ constructivist epistemology through the development and redesign of inquiry-based investigations together with their students. Electronic Journal of Science Education 7 (1).\r\n</p>\r\n<p>\r\nCJ Moore, VL May, E Abusharbain (1999). Partnership to engage St. Louis high school students in investigative genetics. Academic Medicine 74 (4), 342-4.\r\n</p>\r\n<p>\r\nSCR Elgin, V May, E AbuSharbain, CJ Moore (1997). Modern genetics for all students: High school activities and investigations. Molecular Biology of the Cell 8, 2024-2024.\r\n</p>', '../images/faculty/Elaine_Abusharbain.jpg', 'Environmental education, classroom environment, evaluation, inservice teacher professional development.'),
('Dr. Betsy Esselman ', 'Professor', 'Ph.D. The Ohio State University, 1996', 'SLW 1230', 'SLW 1030', '(618) 650-5719', 'eesselm@siue.edu', 'Not Any', 'Biol 150, Biol 321, Biol 471, Biol 473', 'My lab has been focusing on rare plant conservation and producing floras of some local prairie and wetland habitats.  Our recent work includes a study of the endangered Tennessee coneflower.  We are examining seed set and levels of genetic diversity in naturally occurring populations versus artificially established populations to determine if conservation efforts for the species have been successful.  We are also using molecular markers to examine the threat of hybridization to the continued existence of two rare sedge species.  Our taxonomic work includes producing floras of prairie and wetland habitats to determine if management efforts at these sites have been successful in promoting higher quality natural areas.', 'Students who wish to learn more about research opportunities are encouraged to contact me.', '<p>Sara Spagnolo, Carol Bryant, Kurt Schulz, Peter Minchin and Elizabeth Esselman.&#160;2014. Assessing Quality of a Regenerated Prairie Using Floral and Faunal Indices.&#160;&#160;Phytoneuron 73: 1-15.</p>\r\n<p>Esselman, E.J., T.A. Enders, M. Smith, and P.M. McKenzie. 2012.&#160; Examination of hybridization relationships between Schoenoplectus hallii and S. saximontanus (Cyperaceae) using ISSR markers. Phytoneuron 36: 1-9.</p>\r\n<p>Oberle, Brad, Robert A. Montgomery, James B. Beck and Elizabeth J. Esselman.&#160;&#160; 2012.&#160; A morphologically intergrading population facilitates local chloroplast introgression from diploid to tetraploid Dodecatheon (Primulaceae).Botanical Journal of the Linnean Society 168: 91-100.</p>\r\n<p>Oberle, Brad and Elizabeth J. Esselman. 2011. Fruit and seed characters help distinguish southern Illinois Dodecatheon (Primulaceae) species and highlight unusual intergrading populations.&#160; Rhodora 113:280-299.&#160;</p>\r\n<p>Beaton, Laura, P. Van Zandt, E. Esselman and T. Knight. 2011.&#160; Comparison of the herbivore defense and competitive ability of ancestral and modern genotypes of an invasive plant, Lespedeza cuneata.&#160; Oikos. 120:1413-1419.</p>\r\n<p>Rogenski, Christina* E. Esselman and M. Smith. 2009.&#160; ISSR Marker Diversity of Astragalus crassicarpus var. trichocalyx in Illinois and Missouri Populations.&#160; Transactions of the Illinois Academy of Science. 102:3&amp;4&#160; p. 149-159.</p>', '../images/faculty/Betsy_Esselman.jpg', 'Plant conservation genetics, plant systematics and taxonomy.'),
('Dr. Faith Liebl', 'Associate Professor', 'Ph.D. University of Illinois at Chicago, 2005', 'SLW 1120', 'SLW 1350', '(618) 650-2509', 'fliebl@siue.edu', 'Not Any', 'Cell and Molecular Biology (BIOL 319), Advanced Cell Biology (BIOL 432), Cellular and Molecular Base', 'My lab is interested in the expression, trafficking, and localization of glutamate receptors in the model organism?Drosophila melanogaster?(i.e. fruit fly). Glutamate neurotransmission is thought to be involved in process such as learning and memory as well as pathological process such as epilepsy, neurodegeneration, and excitotoxic cell death. The fly the neuromuscular junction (NMJ) contains glutamate-gated ion channels which are closely related to those found in the mammalian central nervous system, providing a powerful system to determine the function of specific molecules by analysis and investigation of mutant synapses.', 'Undergraduate and graduate students in the lab have the opportunity to learn how to record changes in membrane potential via electrophysiology, how to visualize synaptic proteins via immunocytochemistry and fluorescence microscopy, how to measure RNA transcript levels via qRT-PCR, how to measure cellular protein levels via Western blotting, and how to construct unique fly lines using genetic techniques. Students interested in research opportunities should contact me.', '<p>Hussein, N., Delaney, T., Tounsel, B., and Liebl, F.L.W. (2016). The extracellular-regulated kinase effector, Lk6, is required for glutamate receptor localization at the Drosophila neuromuscular junction. <em>Journal of Experimental Neuroscience</em>, 10: 77-91.</p>\r\n<p>D&#8217;Rozario, M., Zhang, Y., Waddell, E., Hu, T., Nayal, M., Kutty, K., Liebl, F.L., Hu, W. and Marenda, D.R. (2016). Novel roles of the type I bHLH proteins Daughterless/TCF4 in post-mitotic neurons of the central nervous system. <em>Cell Reports</em>, 15 (2): 386-397.</p>\r\n<p>Sturgeon, M., Davis, D., Albers, A., Beatty, D., Austin, R., Ferguson, M., Tounsel, B., and Liebl, F.L.W. (2016). A reverse genetic screen identifies Mind Bomb1 in glutamate receptor localization at the Drosophila neuromuscular junction. <em>Molecular and Cellular Neuroscience</em>, 70 (1): 11-21.</p>\r\n<p>Ghosh, R., Vegesna, S., Safi, R., Zhang, B., Marenda, D.R., and Liebl, F.L.W. (2014). Kismet positively regulates glutamate receptor localization and synaptic transmission at the <em>Drosophila</em> neuromuscular junction. <em>PLoS ONE</em>, 9(11): e113494.</p>\r\n<p>Liebl, F.L., McKeown, C., Yao, Y, and Hing, H.K. (2010). Wnt2 Regulates Presynaptic Motor Neuron Morphology and Presynaptic Protein Localization at the <em>Drosophila</em> Neuromuscular Junction. <em>PLoS ONE</em>, 5(9):e12778.</p>\r\n<p>Liebl, F. L. and Featherstone, D.E. (2008). Identification and investigation of <em>Drosophila</em> postsynaptic density homologs. <em>Bioinformatics and Biology Insights</em>, 2: 375-388.</p>\r\n<p>Liebl, F. L., Wu, Y., Featherstone, D.E., Noordimeer, J., Fradkin, L. and Hing, H.K. (2008). Derailed regulates <em>Drosophila</em> neuromuscular junction morphology. <em>Developmental Neurobiology</em>, 68(2):152-165.</p>\r\n<p>Liebl, F.L.W. (2006). Highwire balances synaptic growth. <em>Journal of Neuroscience</em> 26: 2143-4.</p>\r\n<p>Liebl, F., Sheng, Q, and Featherstone, D.E. (2006).&#160; A <em>P</em>-element insertion screen for synaptic morphology mutants. <em>Journal of Neurobiology</em> 66: 332-47.</p>\r\n<p>Liebl, F.L.W. and Featherstone, D.E. (2005). Genes involved in <em>Drosophila</em> glutamate receptor expression and localization. <em>BMC Neuroscience</em>, 6 (1) 44.</p>\r\n<p>Liebl, F.L W., Chen, K., Karr, J., Sheng, Q., and Featherstone, D.E. (2005). <em>Drosophila sec8</em> inhibits synaptic microtubule stability to promote postsynaptic glutamate receptor localization. <em>BMC Biology</em> 3: 27.</p>\r\n<p>Featherstone, D. E., Rushton, E., Rohrbough, J., Liebl, F., Sheng, Q., Rodesch, C. K., and Broadie, K. (2004). An essential <em>Drosophila</em> glutamate receptor subunit that functions in both central neuropil and neuromuscular junction. <em>Journal of Neuroscience</em>, 25: 3199-3208.</p>', '../images/faculty/Faith_Liebl.jpg', 'Synapse development; expression, trafficking, and localization of glutamate receptors.'),
('Dr. Jake Williams', 'Associate Professor', 'Ph.D. Miami University, 2005', 'SLW 1170', 'SLW 1360', '(618) 650-2118', 'jasowil@siue.edu', 'Not Any', 'Animal Physiology (BIOL 340), Physiological Ecology (BIOL 467/563), Entomology (BIOL 483).', 'My approach to research is to integrate molecular, cellular, and organismal level techniques to study how life has evolved to survive stresses associated with extreme metabolism. In particular, my interests include determining how insects survive the metabolic depression and associated severe cold and desiccating conditions of winter and how oxidative stress may lead to functional senescence and limit lifespan in hypermetabolic insects.', 'Opportunities always exist for highly motivated individuals. For inquiries, please contact me.', '<p>Steck* T.J., Morgan S., Retzlaff W., and Williams J.B. (2015) Insect communities on green roofs that are close in proximity but vary in age and plant coverage.&#160; Journal of Living Architecture.&#160; 2: 1-11.</p>\r\n<p>Doelling* A.R.W., Griffis* N., and Williams J.B. (2014) Repeated freezing induces oxidative stress and reduces survival in the freeze-tolerant goldenrod gall fly, Eurosta solidaginis. Journal of Insect Physiology. 67, 20-27.</p>\r\n<p>Williams J.B. and Lee R.E. (2011) Effect of freezing and dehydration on ion and cryoprotectant distribution and hemolymph volume in the goldenrod gall fly, Eurosta solidaginis. Journal of Insect Physiology 57, 1163-1169.</p>\r\n<p>Williams J. B., Roberts S.P. and Elekonich M.M. (2009) Heat shock proteins and their role in generating, maintaining and even preventing alternative insect phenotypes. In: Ananthakrishnan, T.N. and Whitman D. (Eds.). Insect Phenotypic Plasticity. Science Publishers Inc., Enfeld New Hampshire.</p>\r\n<p>Vance* T.J., Williams J.B., Roberts S.P. and Elekonich M.M. (2009) The effects of age and behavioral development on the flight performance of honey bees (Apis mellifera). Journal of Experimental Biology 212, 2604-2611.</p>\r\n<p>Williams J.B., Roberts S.P. and Elekonich M.M. (2008) Age and natural metabolically-intensive behavior affect oxidative stress and antioxidant mechanisms. Experimental Gerontology. 43, 538-549.</p>\r\n<p>Williams J.B. and Lee R.E. (2008) Differences in cold tolerance, desiccation resistance, and cryoprotectant production between three populations of Eurosta solidaginis collected from different latitudes. Journal of Comparative Physiology B. 278, 365-375.</p>\r\n<p>Williams J.B. and Lee R.E. (2005) Plant senescence cues entry into diapause in the gall fly, Eurosta solidaginis: resulting metabolic depression is critical for water conservation. Journal of Experimental Biology. 208, 4437-4444.</p>\r\n<p>Williams J.B., Ruehl* N.C. and Lee R.E. (2004) Partial link between seasonal acquisition of cold tolerance and desiccation resistance in the goldenrod gall fly Eurosta solidaginis. Journal of Experimental Biology 207, 4407-4414.</p>\r\n<p>Williams J.B., Shorthouse J.D. and Lee R.E. (2003) Deleterious effects of mild simulated overwintering temperatures on survival and potential fecundity of rose-galling Diplolepis wasps (Hymenoptera: Cynipidae). Journal of Experimental Zoology 298A, 23-31.</p>\r\n<p>Williams J.B., Shorthouse J.D. and Lee R.E. (2002) Extreme resistance to desiccation and microclimate-related differences in cold-hardiness of gall wasps (Hymenoptera: Cynipidae) overwintering on roses in southern Canada. Journal of Experimental Biology 205, 2115-2124.</p>\r\n<p>Larsen K.J. and Williams J.B. (1999) Influence of fire and trapping effort on ground beetles in a reconstructed tallgrass prairie. Prairie Naturalist 31, 75-86.</p>\r\n<p>* = denotes student collaborators</p>', '../images/faculty/Jason_Williams.jpg', 'Animal physiology.'),
('Dr. Kelly Barry', 'Associate Professor', 'Ph.D. University of Hawaii, 1992\r\n', 'SLW 1180', 'SLW 1025', '(618) 650-5245', 'kbarry@siue.edu', 'http://www.siue.edu/~kbarry/', 'Biol 150, Biol 416, Sci 241a, CI 352b.', 'My research interests include two areas of focus, native plant conservation through tissue culture and science education. Tissue culture is a useful tool for generating larger numbers of plants which are rare or difficult to&#160;propagate through traditional means.&#160; My tissue culture research is currently focused on plants native to Illinois and we are working primarily on woodland ephemerals and rare prairie plants.&#160; Many of these plants grow very slowly and are sensitive to habitat disturbances. Propagation through tissue culture can provide large numbers of plants for habitat restoration and may reduce the amount of plant collection from natural areas.&#160;My science education research focuses on evaluating and improving biology education at the secondary and post-secondary levels. We have focused on the effectiveness of common learning strategies and ways to improve the lab experience for both teachers and students.', 'Undergraduate and graduate students interested in tissue culture, plant conservation, or biology education should contact me.', '<p>Drake, J. and K. Barry.&#160; Assessing the Effectiveness of Laboratory Simulations in Biology Education. (manuscript accepted with revisions by Transactions of Illinois State Academy of Science).</p>\r\n<p>Borth, W.B., Barry, K., Obuwan, K., Xu, M.Q., Liu, R.W., Kuehnle, A.R., and J.S. Hu. 2006. Movement of Cymbidium Mosaic Virus and transgenic resistance in Dendrobium orchids. Acta Hort.722:137-146.</p>\r\n<p>Barry, K., Hu, J.S., Kuehnle, A., and N. Sugii.1996. Sequence analysis and detection using immunocapture-PCR of cymbidium mosaic virus and odontoglossum ringspot virus in Hawaiian orchids. Journal of Phytopathology 144:179-186.</p>\r\n<p>Li, H.P., Hu, J.S., Barry, K., H.C. Faan. 1996. Coat protein sequence analysis of three cucumber mosaic virus strains infecting banana. Chinese Journal of Virology 12:236-242.</p>\r\n<p>Li, H.P., Hu, J.S., Barry, K., H.C. Faan. 1996. Studies of transgenic tobacco plants with the coat protein genes of cucumber mosaic virus strains infecting banana. Chinese Journal of Virology 12:162-169.</p>', '../images/faculty/Kelly_Barry.jpg', 'Plant tissue culture methods for the propagation of native plants of conservation concern; developing and assessing biology curriculum and teaching strategies for application in secondary education and higher education.'),
('Dr. Kevin Krajniak', 'Associate Professor', 'Ph.D. University of Florida, 1990', 'SLW 1290', 'SLW 0230', '(618) 650-3467', 'kkrajni@siue.edu', 'Not Any', 'Human Biology (Biology 140), Physiology ( Biology 340), Neurobiology (Biology 444a/544), Advanced Ph', 'As a pharmacologist I am interested in how the nervous system of the earthworm controls movements of digestive tract smooth muscles. Using an isolated crop-gizzard tissue bath preparation my students have shown that the neurotransmitters acetylcholine, serotonin, octopamine, FMRFamide, and members of the oxytocin/vasopressin family all regulate motility. Also we have used a series of agonists to classify each neurotransmitter receptor.', 'Undergraduate and graduate projects studying neuropeptides and neurotransmitters in invertebrates are available. Please contact me.', '<p>Krajniak, K.G. 2013. Invertebrate FMRFamide-related peptides. Proteins and Peptide Letters.&#160; 20:647-670.</p>\r\n<p>Krajniak, K.G. 2005. Annelid endocrine disruptors and a survey of invertebrate FMRFamide-Related Peptides. Integrative and Comparative Biology. 45: 88-96.</p>\r\n<p>Grimes, I., J. Aleman, K. Griffin, B. Lawton, T. Slater<strong>,</strong> K. Krajniak and M. Bolyard&#160; 2004. Expression in <em>E. coli</em> and In Vitro Amidation of FMRFamide. Transactions of the Illinois State Academy of Science. 97:23-31</p>\r\n<p>Liu D, K. Krajniak, D. Chun, M. Sena, R. Casillas, V. Lelievre, T. Nguyen, D. Bravo, S. Colburn, JA. Waschek 2001. VIP gene transcription is regulated by far upstream enhancer and repressor elements. Biochemistry Biophysics Research Communications. 284(1):211-8.&#160;&#160;</p>\r\n<p>Krajniak, K. G. and R. W. Klohr.. 2001. The use of the isolated earthworm crop-gizzard as a model for teaching smooth muscle physiology.&#160; The American Biology Teacher. 61:59-6</p>\r\n<p>Krajniak, K.G. and R.W. Klohr. 1999. The effects of FMRFamide, serotonin, and acetylcholine on the isolated crop-gizzard of the earthworm, <em>Lumbricus terrestris</em>. Comp. Biochem. Physiol. 123A:409-415.</p>', '../images/faculty/Kevin_Krajniak.jpg', 'Physiology, distribution and effects of neuropeptides in freshwater molluscs and arthropods.'),
('Dr. Kurt Schulz', 'Professor', 'Ph.D. University of Wisconsin, 1991', 'SLW 1260', 'SLW 0005', '(618) 650-3005', 'kschulz@siue.edu', 'http://www.siue.edu/~kschulz/', 'Introduction to Biological Sciences II (BIOL 151), Ecology (BIOL 365), Quantitative Methods in Exper', 'My research focuses on how forest tree and shrub canopies and disturbance patterns affect ecological processes, especially species demography and community change. Other interests include the phenotypic plasticity of native and invasive understory shrubs and the ecological restoration of regional forests. My research sites are located in northern Wisconsin, Upper Michigan, and the Edwardsville, IL area.', 'I am always seeking students interested in field or blended field and laboratory projects. I encourage students to work with me to develop potentially publishable projects within our labs interest areas. Strong candidates for success are typically individuals with a solid work ethic and good to excellent skills in math and basic sciences. We have close working relationships with colleagues in the US Forest Service, the Wisconsin Commissioner of Public Lands, the Watershed Nature Center, the Nature Institute, and Riverlands Sanctuary (Army Corps of Engineers, West Alton, MO). Presently members of my lab group are working on the reproductive biology of the invasive shrub Amur honeysuckle (Lonicera maackii), the comparative ecology of two invasive honeysuckle species (L. maackii?and?L. x bella), below ground competitive mechanisms in Amur honeysuckle and Japanese hops (Humulus japonica), effects of copper contamination on phenotypic plasticity in boxelder (Acer negundo), and the interactions of climate change with forest floor habitats.', '<p>Spagnolo, S., C. Bryant,&#160;K. E.&#160;Schulz, P. R. Minchin, and E. J., Esselman.&#160; (2014). Assessing quality of a regenerated prairie using floral and faunal indices.&#160; Phytoneuron 73:&#160;1-15.</p>\r\n<p>Schulz, K. E., J. Wright, and S. Ashbaker.&#160; (2012). Comparison of invasive shrub honeysuckle eradication tactics for amateurs: stump treatment versus regrowth spraying of Lonicera maackii.&#160; Restoration Ecology 20(6): 788-793.</p>\r\n<p>Schulz, K., A. Vaughan, and E. Remelius.&#160; (2009). Physiologically based control of invasive Asiatic shrub honeysuckle.&#160;Transactions of the Illinois State Academy of Science 102(1&amp;2): 21-32.</p>\r\n<p>Schulz, K., J.&#160; Zasada, and E. Nauertz.&#160; (2004).&#160;&#160; Annual, local, and individual variation in the inflorescence and fruit&#160;production of eastern leatherwood (Dirca palustris L. Thymelaeaceae).&#160; Journal of the Torrey Botanical Society 131: 292-304.</p>', '../images/faculty/Kurt_Schulz.jpg', 'Forest canopy-understory interactions, ecological restoration, invasive species.'),
('Dr. Kyong Sup Yoon', 'Assistant Professor', 'Ph.D. University of Massachusetts, 2006', 'SLW 2180', 'SLW 2120', '(618) 650-3302', 'kyoon@siue.edu', 'Not Any', 'Contemporary Biology (BIOL 111), Toxicology (ENSC 531/CHEM 471), Environmental Sciences Seminar I/II', 'My main research interests span a spectrum of environmental toxicology and vector biology to protect agriculture, animal and human health in environmentally safe, sustainable and affordable ways. I am particularly interested in the following areas of interdisciplinary research: (1) vector biology investigations using arthropod vector models, (2) adverse effects of insecticide exposure on humans and other non-target organisms, (3) mode of action and neurophysiological effects of natural and synthetic insecticides, (4) genetic and epigenetic mechanisms of insecticide resistance in arthropod pests, and (5) biochemical and molecular diagnostics using high throughput enzyme assays and SNP detections for pest management.', 'For inquiries, please contact me.', '<p><span><span>Clark, J. M., Yoon, K.-S., Kim, J. H., Lee, S. H., Pittendrigh, B. R. (2014) Utilization of the human louse genome to study insecticide resistance and innate immune response.&#160;Pesticide biochemistry and physiology,&#160;DOI:10.1016/j.pestbp.2014.11.008.</span></span></p>\r\n<p><span>Gellatly, K. J., Yoon, K.-S., Doherty, J. J., Sun, W., Pittendrigh, B. R., Clark, J. M. (2014) RNAi validation of resistance genes and their interactions in the highly DDT-resistant 91-R strain of Drosophila melanogaster.&#160;Pesticide biochemistry and physiology,&#160;DOI:10.1016/j.pestbp.2015.01.001.</span></p>\r\n<p><span>Yoon, K. S., Previte, D. J., Hodgdon, H. E., Pool, B. C., Kwon, D. H., Aboelghar, G. E., Lee, S. H., Clark, J. M. (2014) Knockdown resistance allele frequencies in North American head louse populations. <i>J. Med. Entomol.</i> 51:450-457.</span></p>\r\n<p><span>Previte, D. J., Olds, B. P., Yoon, K. S., Sun, W., Muir, B., Paige, K. N., Lee, S. H., Clark, J. M., Pittendrigh, B. R. (2014) Differential gene expression in laboratory strains of human head and body lice when challenged with <i>Bartonella quintana</i>, a disease causing bacterium. <i>Insect Mol. Biol.</i> 23:244-254.</span></p>\r\n<p><span>Kwon, D. H., Kim, J. H., Yoon, K. S., Clark, J. M., Lee, S. H. (2014) Identification and characterization of the esterase involved in malathion resistance in the head louse, <i>Pediculus humanus capitis</i>. <i>Pestic. Biochem. Physiol</i>. 112:13-18.</span></p>\r\n<p><span>Kim, J., Park, Y., Yoon, K. S., Clark, J. M., Park, Y. (2014) Permethrin alters adipogenesis in 3T3-L1 adipocytes and causes insulin resistance in C2C12 myotubes. <i>J. Biochem. Mol. Toxicol. </i>28:418-424.</span></p>\r\n<p><span>Hardstone, M. C., Strycharz, J. P., Kim, J., Park, I. -K., Yoon, K. S., Ahn, Y. J., Harrington, L. C., Lee, S. H., Clark, J. M. (2014) Development of multi-functional metabolic synergists to suppress the evolution of resistance against pyrethroids in insects that blood feed on humans. <i>Pest Manag. Sci.</i> DOI: 10.1002/ps.3856.</span></p>\r\n<p><span>Clark, J. M., Yoon, K. S., Lee, S. H., Pittendrigh, B. R. (2013) Human lice: Past, present and future control. <i>Pestic. Biochem. Physiol</i>. 106:162-171.</span></p>\r\n<p><span>Pittendrigh, B. R., Olds, B., Yoon, K. S., Lee, S. H., Sun, W., Clark, J. M. (2013) The genomics of human lice: From the genome to the potential for future control strategies.<i> Pestic. Biochem. Physiol</i>. 106:172-176.</span></p>\r\n<p><span>Abromaitis, S., Nelson, C. S., Previte, D. J., Yoon, K. S., Clark, J. M., DeRisi, J. L., Koehler, J. E. (2013) <i>Bartonella quintana</i> deploys host and vector temperature-specific transcriptomes. <i>PLoS ONE</i> 8 (3):e58773.</span></p>\r\n<p><span>Kim, J., Park, Y., Yoon, K. S., Clark, J. M., Park, Y. (2013) Imidacloprid, a neonicotinoid, induces insulin resistance. <i>J. Toxicol. Sci.</i> 38:655-660.</span></p>\r\n<p><span>Strycharz, J. P., Lao, A., Li, H., Qiu, X., Lee, S. H., Sun, W., Yoon, K. S., Pittendrigh, B. R., Clark, J. M. (2013) Polygenic resistance in the highly DDT-resistant 91-R strain of Drosophila melanogaster involves decreased penetration, increased metabolism, and direct excretion. <i>Pestic. Biochem. Physiol.</i> 107:207-217.</span></p>\r\n<p><span>Olds, B. P., Coates, B. S., Steele, L. D., Sun, W., Agunbiade, T. A., Yoon, K. S., Strycharz, J. P., Lee, S. H., Paige, K. N., Clark, J. M., Pittendrigh, B. R. (2012) Comparison of the transcriptional profiles of head and body lice. <i>Insect Mol. Biol.</i> 21:257-268.</span></p>\r\n<p><span>Kim, J. H., Yoon, K. S., Previte, D. J., Pittendrigh, B. R., Clark, J. M., Lee, S. H. (2012) Comparison of the immune responses in the alimentary track tissues between body versus head lice following <i>Escherichia coli</i> oral infection. <i>J. Asia Pac. Entomol.</i> 15:409-412.</span></p>\r\n<p><span>Park, Y., Kim, Y., Kim, J., Yoon, K. S., Clark, J. M., Lee, J., Park, Y. (2012) Imidacloprid, a neonicotinoid insecticide, potentiates adipogenesis in 3T3-L1 adipocytes. <i>J. Agric.</i> <i>Food Chem.</i> 61:255-259.</span></p>\r\n<p><span>Kim, J. H., Min, J. S., Kang, J. S., Kwon, D. H., Yoon, K. S., Strycharz, J. P., Koh, Y. H., Pittendrigh, B. R., Clark, J. M., Lee, S. H. (2011) Comparison of the humoral and cellular immune responses between body and head lice following bacterial challenge. <i>Insect Biochem. Mol. Biol.</i> 41:332-339.</span></p>\r\n<p><span>Yoon, K. S., Strycharz, J. P., Baek, J. H., Sun, W., Kim, J. H., Kang, J. S., Pittendrigh, B. R., Lee, S. H., Clark, J. M. (2011) Brief exposures of human body lice to sub-lethal amounts of ivermectin over transcribes detoxification genes involved in tolerance. <i>Insect Mol. Biol.</i> 20.:687-699.</span></p>\r\n<p><span>Pittendrigh, B. R., Berenbaum, M. R., Seufferheld, M. J., Margam, V. M., Strycharz, J. P., Yoon, K. S., Sun, W., Reenan, R., Lee, S. H., Clark, J. M. (2011) Simply, simply. Lifestyle and compact genome of the body louse provide a unique functional genomics opportunity. <i>Commun. Intergr. Biol.</i> 4 (2):1-4.</span></p>\r\n<p><span>Marcuox, D., Palma, K. G., Kaul, N., Hodgdon, H., VanGeest, A., Previte, D. J., Abou-Elghar, G. E., Yoon, K. S., Clark, J. M. (2010) Pyrethroid pediculicide resistance of head lice in Canada evaluated by serial invasive signal amplification reaction. <i>J. Cutan. Med. Surg.</i> 14:115-118.</span></p>\r\n<p><span>Seong, K. M., Lee, D. Y., Yoon, K. S., Kwon, D. H., Kim, H. C., Klein, T. A., Clark, J. M., Lee, S. H. (2010) Establishment of quantitative sequencing and residual filter vial bioassays for the monitoring of pyrethroid resistance in the common bed bug, Cimex lectularius L. J. Med. Entomol. 47:592-599.</span></p>\r\n<p><span>Kwon D. H., Yoon K. S., Clark J. M. and Lee S. H. (2010) A point mutation on glutamate-gated chloride channel confers abamectin resistance in the two-spotted spider mite, <i>Tetranychus urticae</i> Koch. <i>Insect Mol Biol</i>. 19:583-591.</span></p>\r\n<p><span>Kirkness, E. F., Haas, B. J., Sun, W., Braig, H. R., Perotti, M. A., Clark, J. M., Lee, S. H., Robertson, H. M., Kennedy, R. C., Elhaik, E., Gerlach, D., Kriventseva, E. V., Elsik, C. G., Graur, D., Hill, C. A., Veenstra, J. A., Tub&#237;o, J. M. C., Ribeiro, J. M. C., Rozas, J., Unger, M. F., Christley, S., J. Johnston, S., Reese, J. T., Popadic, A., Tomoyasu, Y., Tojoo, M., Raoult, D., Reed, D. L., Krause, E., Mittapalli, O., Margam, V. M., Li, H. -M., Meyer, J. M., Johson, R., Romero-Severson, J., VanZee, J. P., Alvarez-Ponce, D., Vieira, F. G., Aguad&#233;, M., Guirao-Rico, S., Anzola, J. M., Yoon, K. S., Strycharz, J. P., Tojo, M., Lobo, N. F., Dasch, G. A., Struchiner, C. J., Madey, G., Hannick, L. I., Bidwell, S., Joardar, V., Caler, E., Shao, R., Barker, S., Cameron, S., Bruggner, R. V., Regier, A., Johnson, J., Viswanathan, L., Utterback, T. R., Strausberg, R. L.,&#160; Walenz, B., Sutton, G. G., Lawson, D., Waterhouse, R., Venter, J., C., Berenbaum, M., Collins, F. H., Zdobnov, E. M.,&#160; Pittendrigh, B. R. (2010) Genome sequences of the human body louse and its primary endosymbiont provide insights into the permanent parasitic lifestyle. Proc. Natl. Acad. Sci. U.S.A. 107:12168-12173.</span></p>\r\n<p><span>Hodgdon, H. E., Yoon, K. S., Previte, D. J., Kim, H. J., Aboelghar, G. E., Lee, S. H., Clark, J. M. (2010) Monitoring knockdown resistance allele frequencies in global human head louse populations using the serial invasive signal amplification reaction. Pest Manag. Sci. 66:1031-1040.</span></p>\r\n<p><span>Lee, S. H., Min, J. S., Yoon, K. S., Strycharz, J. P., Johnson, R., Mittapalli, O., Margam, V. M., Sun, W., Li, H. -M., Xie, J., Wu, J., Berenbaum, M. R., Pittendrigh, B. R., and Clark, J. M. (2010) Decreased detoxification genes and genome size makes the human body louse an efficient model to study insecticide resistance. <i>Insect Mol. Biol.</i> 19:599-615.</span></p>\r\n<p><span>Lee, S. H., Clark, J. M., Ahn, Y. J., Lee, W. -J., Yoon, K. S., Kwon, D. H., Seong, K. M. (2010) Molecular mechanisms and monitoring of permethrin resistance in human head lice. <i>Pestic. Biochem. Physiol</i>. 97:109-114.</span></p>\r\n<p><span>Clark, J. M., Lee, S. H., Yoon, K. S., Strycharz, J. P., and Kwon, D. H. &#8220;Human Head Lice: Status, Control and Resistance.&#8221; In, <span style=\"text-decoration: underline;\"><span>Advances in Human Vector Control.</span></span> Editors J. M. Clark, J. R. Bloomquist, and H. Kawada. ACS Symposium Series Vol. 1014. ACS Books, Washington D. C. 2009. pp 73-88.</span></p>\r\n<p><span>Lee, S. H., Clark, J. M., Yoon, K. S., Kwon, D. H., Hodgdon, H. E., and Seong, G. M. &#8220;Resistance Management of the Human Head Louse Using Molecular Tools.&#8221; In, <span style=\"text-decoration: underline;\"><span>Advances in Human Vector Control.</span></span> Editors J. M. Clark, J. R. Bloomquist, and H. Kawada. ACS Symposium Series Vol. 1014. ACS Books, Washington D. C. 2009. pp 203-215.</span></p>\r\n<p><span>Lee, S. H., Yoon, K. S., Gao, J. -R, Ahn, Y. -J, and Clark, J. M. &#8220;Control and Resistance Management of Human Pediculosis.&#8221; In, <span style=\"text-decoration: underline;\"><span>New Discoveries in Agrochemicals.</span></span> Editors J. M. Clark and H. Ohkawa. ACS Symposium Series Vol. 892, ACS, Washington D. C. 2004. pp. 383-393.</span></p>\r\n<p><span>Clark, J. M., Lee, S. H., Kim, H. -J., Yoon, K. S. and Zhang, A. \"Molecular Approaches to Insect Resistance Management.\" In,&#160; <span style=\"text-decoration: underline;\"><span>Agrochemical Resistance: Extent, Mechanism, and Detection.</span></span> Editors J.M. Clark and I. Yamaguchi. ACS Symposium Series Vol. 808, ACS Books, Washington D.C. 2001. pp. 103-125</span>.</p>', '../images/faculty/Kyong_Yoon.jpg', 'Environmental toxicology and vector');
INSERT INTO `faculty` (`name`, `status`, `education`, `office`, `researchlab`, `phone`, `email`, `web`, `coursetaught`, `researchinterests`, `researchopportunities`, `selectedpublications`, `imagelink`, `interest`) VALUES
('Dr. Luci Kohn', 'Associate Professor', 'Ph.D. University of Wisconsin, 1989', 'SLW 1210', 'SLW 0015', '(618) 650-2394', 'lkohn@siue.edu', 'Not Any', 'Human Diseases (BIOL 205), Human Anatomy and Physiology (BIOL 240a, BIOL 240b), Forensic Biology (BI', 'My research focus is on the evolution of skeletal morphology, and the effect of genetic and non-genetic influences on skeletal morphology. Current research includes two and three dimensional morphometrics analyses of cranial and postcranial form in New World monkeys and carnivores.', 'Undergraduate and graduate students interested in participating in research on skeletal functional morphology and evolution should contact me.', '<p>Kohn, L. A. P. and Z. Bledsoe.&#160; .2011.&#160; Genetic and group influences on postcranial morphology in rhesus macaques (Macaca mulatta) of Cayo Santiago.&#160; IN Q. Wang (ed).&#160; The rhesus macaques of Cayo Santiago and beyond:&#160; bones, genetics, and behavior.&#160; Springer Verlag:&#160; New York.&#160; Pp. 117 &#8211; 129.</p>\r\n<p>Peters, J. E., R. W. Axtell, and L. A. P. Kohn.&#160; 2010.&#160; A morphometric evaluation of the two mink subspecies in Illinois.&#160; Journal of Mammalogy 96:1459-1466.</p>\r\n<p>Kohn, L. A. P., L. B. Langton, and J. M. Cheverud.&#160; 2001.&#160; Subspecific genetic differences in the saddle-back tamarin (<span style=\"text-decoration: underline;\">Saguinus fuscicollis</span>) postcranial skeleton.&#160; American Journal of Primatology 54:41-56.</p>\r\n<p>Kohn, L. A. P., P. Olson, and J. M. Cheverud.&#160; 1997.&#160; Age of epiphyseal closure in tamarins and marmosets.&#160; American Journal of Primatology&#160; 41:129-139.</p>\r\n<p>Kohn, L. A. P., S. R. Leigh, and J. M. Cheverud.&#160; 1995.&#160; Asymmetric Vault Modification in Hopi Crania.&#160; American Journal of Physical Anthropology&#160; 98:173-195.</p>\r\n<p>Kohn, L. A. P., J. M. Cheverud, M. W. Vannier, and G. Bhatia.&#160; 1995.&#160; Anthropometric optical surface imaging system repeatability, precision and validation.&#160; Annals of Plastic Surgery&#160; 34:362-371.</p>\r\n<p>Kohn, L. A. P., M. W. Vannier, J. L. Marsh, and J. M. Cheverud.&#160; 1994.&#160; Effect of premature sagittal suture closure on craniofacial morphology in a Prehistoric Hopi Male. Cleft Palate-Craniofacial Journal&#160; 31:385-396</p>\r\n<p>Kohn, L. A. P., S. R. Leigh, S. C. Jacobs, and J. M. Cheverud.&#160; 1993.&#160; Effects of annular cranial vault modification on the cranial base and face.&#160; American Journal of&#160; Physical Anthropology&#160; 90:147-168.</p>\r\n<p>Cheverud, J. M., L. A. P. Kohn, L. W. Konigsberg, and S. R. Leigh.&#160; 1992.&#160; The effects of fronto-occipital artificial cranial vault modification on the cranial base and face.&#160; American Journal of Physical Anthropology&#160; 88:323-345.</p>\r\n<p>Kohn, L. A. P. and W. R. Atchley.&#160; 1988.&#160; How similar are genetic correlation structures?&#160; Data from mice and rats.&#160; Evolution 42:467-481.</p>', '../images/faculty/Luci_Kohn.jpg', 'Quantitative morphology; genetic and environmental influences on skeletal and dental morphology; evolution of morphology.'),
('Dr. Paul Brunkow ', 'Associate Professor', 'Ph.D. Arizona State University, 1996', 'SLW 1220', 'SLW 0215', '(618) 650-2976', 'pbrunkosiue.edu', 'http://www.siue.edu/~pbrunko/', 'BIOL 151, BIOL 327, IS 363, BIOL 417, BIOL 466, BIOL 480, BIOL 485.', ' My research program currently focuses on aquatic ecology and evolutionary ecology.&nbsp; We are analyzing the effects of shell size, shape, and presence of epibiont communities on snail drag and lift, and the effect of parasitic trematode infection on aspects of snail biology.&nbsp; We are also studying functional morphology in freshwater fish species especially as related to the River Continuum Concept.&nbsp; Further research explores functional morphology and behavior in freshwater amphipods, and the influence of an invasive non-native plant species in communities of wolfspiders.&nbsp; My flexibility allows students to pursue many different aspects of undergraduate and Master’s thesis projects at their own pace, and I am always looking for self-motivated students to complement research activities in the lab.', ' Undergraduates can participate in laboratory- and/or field-oriented studies related to any of the above topics for one or two semesters and/or over the summer, and will work with me and graduate students working in the lab.&nbsp; Graduate students will develop their own projects in line with ongoing research interests, which typically include both field and laboratory components.&nbsp; All students are encouraged to develop their research to the point of presenting their project as part of Senior Assignment or at regional or national scientific meetings.', '<p>Agustin, M.Z., M. Agustin, P. Brunkow, and S. Thomas. 2012. Developing Quantitative Reasoning: Will Taking Traditional Math Courses Suffice? An Empirical Study. Journal of General Education 61: 305-313.</p><p>Alldredge, P, M. Gutierrez, D. Duvernell, J. Schaefer, P. Brunkow, and W. Matamoros. 2011. Variability in movement dynamics of topminnow (Fundulus notatus and F. olivaceus) populations. Ecology of Freshwater Fish 20 (4): 513-521.</p><p>Huff, DJ, J. Harris, P. Brunkow, KA Johnson, ZQ Lin, and J Schaefer. 2010. Accumulation and distribution of arsenic in pond snails and fish with different feeding strategies. In: Jena, JS, J. Bundschuh, P. Bhattacharya. Arsenic in the Geosphere and Human Diseases. CRC Press, Boca Raton, FL, USA. pp. 204-205.</p><p>Tryfonas, A. E., J.K. Tucker, P.E. Brunkow, K.A. Johnson, H.S. Hussein, and Z.-Q. Lin. 2006. Metal accumulation in eggs of the red-eared slider (Trachemys scripta elegans) in the Lower Illinois River. Chemosphere 63:39 - 48.</p><p>Brunkow, P.E., and T.A. Cochran. 2005. Evolution of honest signaling. In: CD_ROM Laboratory Exercise Supplement to Alcock, J. Animal Behavior. 8th Edition. Sinauer Associates, Sunderland, MA.</p><p>Brunkow, P. E., J. L. Badasch, and P. A. Herman. 2000. Effects of flooding on salamanders in the Horseshoe Lake State Conservation Area. Proceedings of the Tenth Annual Conference of the Illinois Groundwater Consortium. pp. 111 - 124.</p><p>Sowka, P. A., and P. E. Brunkow. 1999. Cage culturing the endangered bonytail. North American Journal of Aquaculture 61: 326 - 330.</p><p>Brunkow, P. E. 1999. Effects of the 1993 flood on salamanders in southern Illinois. Proceedings of the Ninth Annual Conference of the Illinois Groundwater Consortium. April 1, 1999. Carbondale, Illinois. pp. 126 - 134.</p><p>Brunkow, P.E., and J.P. Collins. 1998. Group size structure affects patterns of aggression in larval salamanders. Behavioral Ecology 9: 508-514.</p><p>Brunkow, P.E., and J.P. Collins. 1996. Effects of individual variability in size on growth and development of larval tiger salamanders. Ecology 77: 1483-1492.</p>', '../images/faculty/Paul_Brunkow.jpg', 'Amphibian conservation ecology, effects of morphological variability on ecology.'),
('Dr. Peter Minchin', 'Professor', 'Ph.D. University of Tasmania, 1984', 'SLW 1250', 'SLW 0320', '(618) 650-2975', 'pminchi@siue.edu', 'http://www.siue.edu/artsandsciences/biology/pminchi/', 'Introduction to Biological Sciences II (BIOL 151), Contemporary Biology (BIOL 111), ?Freshman Semina', 'My main interests are in the fields of community ecology, conservation biology, and restoration ecology. I develop statistical methods that can be used to analyze and model how ecological communities vary in space and time. I then apply the new techniques to solve problems in conservation and restoration. Though I am a plant ecologist by training, I also?work on animal communities and animal habitat modeling.', 'Undergraduates and graduate students in my lab generally perform research in the areas of animal or plant community ecology, wildlife habitat modeling, restoration ecology or conservation biology. Most projects involve field-based observations and/or experiments followed by computer analysis or modeling?of data in the lab. Students learn skills in field methodology and data analysis (e.g., statistics, GIS) that make them competitive for jobs in conservation, wildlife, and resource management. For more information, please look at my web site and contact me.', '<p>(<sup>*</sup>&#160;= student author)</p>\r\n<p>Kantvilas, G., Jarman, S.J. &amp; Minchin, P.R. (2015). Early impacts of disturbance on lichens, mosses and liverworts in Tasmania\'s wet eucalypt production forests.&#160; Australian Forestry, doi:10.1080/00049158.2015.1053025.</p>\r\n<p>Minchin, P.R. &amp; Oksanen, J. (2015). Statistical analysis of ecological communities: progress, status, and future directions. Plant Ecology, 216, 641-644.</p>\r\n<p>*Spagnolo, S., Bryant, C., Schulz, K., Minchin, P.R. &amp; Esselman, E. (2014). Assessing quality of a regenerated prairie using floral and faunal indices. Phytoneuron, 73, 1&#8211;15.</p>\r\n<p>Sah, J.P., Ross, M.S., Saha, S, Minchin, P.R. &amp; Sadle, J. (2014). Trajectories of vegetation response to water management in Taylor Slough, Everglades National Park, Florida. Wetlands, 34, Issue 1 Supplement, 65-79.</p>\r\n<p>Grinter, M., Minchin, P.R., *Weber, I.O., Morgan, S.M. &amp;&#160;Retzlaff, W.A. (2014). Temporary stabilization specification improvements. Report to the Illinois Center for Transportation, Springfield, IL, 81 pp.</p>\r\n<p>*Wood, T.J., Essner, R.L., &amp; Minchin, P.R. (2013). Effects of prescribed burning on grassland avifauna at Riverlands Migratory Bird Sanctuary. Polymath: An Interdisciplinary Arts and Sciences Journal, 3, 19-38.</p>\r\n<p>Essner, R. L., Jr., Z. R. *French, L. M. *Richter, &amp; P. R. Minchin. (2012). Bohm Woods and the SIUE Nature Preserve: Valuable Conservation Assets for Southwestern Illinois. Meadowlark 21: 2-5.</p>\r\n<p>*West, N.M., Gibson, D.J. &amp; Minchin, P.R. (2010). Microhabitat analysis of the invasive exotic liana Lonicera japonica Thunb. The Journal of the Torrey Botanical Society, 137: 380-390.</p>\r\n<p>*Richter, L. A., Essner, R. L. &amp; Minchin, P.R. (2010). A survey of bluff forest avifauna in southwestern Illinois. Transactions of the Illinois State Academy of Science, 103: 39-48.</p>\r\n<p>*West, N. M., Gibson, D. J. &amp; Minchin, P. R. (2009). Characterizing the microhabitats of exotic species in Illinois shale barrens. Plant Ecology, 200: 255-265.</p>\r\n<p>Battaglia, L. L., Pritchett, D. W. &amp; Minchin, P. R. (2008). Evaluating dispersal limitation in passive bottomland forest restoration. Restoration Ecology, 16, 417-424.</p>\r\n<p>Collins, B., Minchin, P. R., Dilustro, J. &amp; Duncan, L. (2006). Land use effects on groundlayer composition and regeneration of mixed pine hardwood forests in the Fall Line Sandhills, S.E. USA. Forest Ecology and Management, 226, 181-188.</p>\r\n<p>Oksanen, J. &amp; Minchin, P.R. (1997). Instability of ordination results under changes in input data order: explanations and remedies. Journal of Vegetation Science, 8, 447-454.</p>\r\n<p>Minchin, P.R. (1989). Montane vegetation of the Mt. Field massif, Tasmania: a test of some hypotheses about properties of community patterns. Plant Ecology, 83, 97-110.</p>\r\n<p>Minchin, P.R. (1987). An evaluation of the relative robustness of techniques for ecological ordination. Plant Ecology, 69, 89-107.</p>\r\n<p>Minchin, P.R. (1987). Simulation of multidimensional community patterns: towards a comprehensive model. Plant Ecology, 71, 145-156.</p>\r\n<p>Faith, D.P., Minchin, P.R. &amp; Belbin, L. (1987). Compositional dissimilarity as a robust measure of ecological distance. Plant Ecology, 69, 57-68.</p>\r\n<p>See my&#160;<a href=\"http://scholar.google.com/citations?hl=en&amp;user=zvDrhNAAAAAJ&amp;view_op=list_works&amp;gmla=AJsN-F7oeuqDUvlIPb985UdIyXBTRxn4aFx5tbtmNGCCiM__1__H_T5jkAE63V78xIgg6WOTnUmH8QdahdEBTsnW-SE-KXzLh4JKMMNEUSRxlajiudMLJmaGuGg5ugYtRxh_xfvJaedf\" target=\"_blank\">Google Scholar Profile</a> for a complete list of publications.</p>', '../images/faculty/Peter_Minchin.jpg', 'Community ecology, conservation biology, restoration ecology, biostatistics, ecoinformatics.'),
('Dr. Rick Essner', 'Associate Professor', 'Ph.D. Ohio University, 2003', 'SLW 1115', 'SLW 0220', '(618) 650-2338', 'ressner@siue.edu', 'http://www.siue.edu/artsandsciences/biology/ressner/', 'Biol 111, Biol 140, Biol 240A/240B, Biol 487, Biol 488, Biol 489, Biol 460, Biol 490/590, Biol 596', 'My research interests are in vertebrate functional and ecological morphology, especially the evolution of locomotor novelty. I combine the traditional tools of functional morphology (e.g., high-speed video, force plates, and electromyography) with techniques from behavioral, ecological, and physiological research to quantify the locomotor form-function complex.  These suites of characters are then examined in light of the comparative method to test a priori phylogenetic hypotheses regarding the evolution of locomotor novelty. In addition, I use biomechanics as a tool for formulating and testing causal links across multiple levels of analysis.  I am currently studying locomotion in frogs with ancestral (leiopelmatid) and derived (lalagobatrachian) morphological and behavioral features.  I am also interested in wildlife and conservation biology and am engaged in research involving habitat modeling in vertebrates.', 'Students interested in doing research in functional/ecological morphology or wildlife and conservation biology should contact me.', '<p>Reilly, S. M., R. L. Essner, Jr., S. Wren, L. Easton, and P. J. Bishop. 2015. Movement patterns in leiopelmatid frogs: insight into the locomotor repertoire of the earliest frogs. &#160;Behavioural Processes. &#160;In Press.</p>\r\n<p>Reilly, S. M., S. J. Montuelle, A. Schmidt, E. Naylor, M. E. Jorgensen, L. G. Halsey, and R. L. Essner, Jr. 2015.&#160;Conquering the world in leaps and bounds: hopping locomotion in toads is actually bounding. Functional Ecology 29(10):1308-1316.</p>\r\n<p>Essner, Jr., R. L. Patel, R., and Reilly, S. M. 2015.&#160; Ontogeny of body shape and diet in Freshwater Drum (<em>Aplodinotus grunniens</em>).&#160; Transactions of the Illinois State Academy of Science 107:27-30.</p>\r\n<p>Essner, Jr., R. L., M. E. Jorgensen, B. W. Ringer, S. J. Wright, and S. M. Reilly. 2014.&#160; An Improved Husbandry Setup for Cold-water Amphibians.&#160; Bulletin of the Chicago Herpetological Society 49(2):24-27.</p>\r\n<p>Wood, T., R. L. Essner, Jr., and P. R. Minchin. 2013. Effects of Prescribed Burning on Grassland Avifauna at Riverlands Migratory Bird Sanctuary. Polymath 3(1):19-38.</p>\r\n<p>Essner, R. L., Jr., Z. R. French, L. M. Richter, and P. R. Minchin. 2012. Bohm Woods and the SIUE Nature Preserve: Valuable Conservation Assets for Southwestern Illinois. Meadowlark 21:2-5.</p>\r\n<p>Essner, R. L., Jr., M. E. Jorgensen, C. E. Corbin, J. H. Robins, D. J. Suffian, and N. A. Todt. 2012. A technique for field maintenance and transport of cold-water amphibians. Herpetological Review 43(2):247-249.</p>\r\n<p>Essner, R. L., Jr., D. J. Suffian, P. J. Bishop, and S. M. Reilly. 2010. Landing in basal frogs: Evidence of saltational patterns in the evolution of anuran locomotion. Naturwissenschaften 97(10):935-939.</p>\r\n<p>See my&#160;<a href=\"http://scholar.google.com/citations?user=TqFCzpEAAAAJ&amp;hl=en\" target=\"_blank\">Google Scholar Profile</a> for a complete list of publications.</p>', '../images/faculty/Rick_Essner.jpg', 'Ecological and functional morphology.'),
('Dr. Susanne DiSalvo', 'Assistant Professor', 'Ph.D. Brown University, 2012', 'SLW 1130', 'SLW 1325', '(618) 650-5928', 'sdisalv@siue.edu', 'Not Any', 'Biol 250, Biol 595', 'My research interests center on host-microbe interactions that span the symbiotic spectrum (from pathogenic to mutualistic). My lab aims to elucidate the mechanisms driving host-microbe associations, their phenotypic outcomes on both organisms, and the interplay between genotypes, environmental context, mechanisms, and outcomes. My lab primarily focuses on the cellular slime mold Dictyostelium discoideum as a model eukaryotic host for bacterial symbionts. Our main symbionts of interest include bacteria belonging to the plant-beneficial-environmental clade of Burkholderia and obligate unculturable bacterial symbionts from the Amoebophilus and Neochlamydia genera. To explore the interaction between bacteria and their amoeba hosts, we employ a variety of microbiological, molecular, and microscopy techniques.', 'Undergraduate and graduate students interested in working in my lab should contact me.', '<p>DiSalvo S., Haselkorn T.S., Bashir U., Jimenez D.A., Brock D.A., Queller D.C., Strassmann J.E. Burkholderia bacteria infectiously induce the proto-farming symbiosis of Dictyostelium amoebae and food bacteria. Proc Natl Acad Sci U S A 112(36):E5029-37</p>\r\n<p>DiSalvo S., Brock D.A., smith j., Queller D.C., Strassmann J.E. In the social amoeba Dictyostelium discoideum, density, not farming status, determines predatory success on unpalatable Escherichia coli. BMC Microbiology, 2014; 14:328.</p>\r\n<p>DiSalvo S. and Serio T.R. Insights into Prion Biology: Integrating a Protein Misfolding Pathway with its Cellular Environment. Prion, 2011; 5(2).</p>\r\n<p>DiSalvo S., Derdowski A.l., Pezza J.A., and Serio T.R. Dominant Prion Mutants Induce Curing Through Pathways That Promote Chaperone-Mediated Disassembly. Nature Structural and Molecular Biology, 2011 March 20;18(4): 486-492.</p>\r\n<p>Derdowski A., Sindi S.S., Klaips C.L., DiSalvo S., Serio T.R., A Size Threshold Limits Prion Transmission and Establishes Phenotypic Diversity. Science. 2010 Oct 29;330(6004):680-3.</p>', '../images/faculty/Susanne_DiSalvo.jpg', 'Host-symbiont interactions. Social amoebas as model eukaryotic host systems for bacterial symbionts (Burkholderia, Amoebophilus, and Neochlamydia). Context-dependent shifts on symbiotic outcomes.'),
('Dr. Tom Fowler', 'Associate Professor', 'Ph.D. The Ohio State University, 1993', 'SLW 1110', 'SLW 1005', '(618) 650-5231', 'tfowler@siue.edu', 'Not Any', 'Genetics (BIOL 220), Recombinant DNA (BIOL 418a), Recombinant DNA Laboratory (BIOL 418b), Human Gene', 'My laboratory is engaged in molecular genetic research of fungi to understand how pheromones and receptors are able to specifically interact to communicate information between organisms. We approach this research problem with genetics, genomics, mutagenesis, transfer of genes, and knock-outs. Once changes are made, we observe the abilities of the altered fungi to signal and complete mating. The receptors that are studied are in the class of cell surface receptors known as 7-transmembrane-domain receptors that are found widely in fungi and animals. Recently, we became interested in two sister mushroom species that both have genes for pheromone signaling but have very different mating habits. We would like to know how pheromone signaling is incorporated into each lifestyle, one of which allows mushrooms to be formed without any need for two mates and another that strictly requires two mates with complementary signaling molecules before mushrooms will form.', 'Both graduate students and undergraduate students can do research projects involving molecular biology and fungal biology in my laboratory.? Please?contact me?to find out when new students may be added to the group. For fall semester positions, contact me early in the year (January-March) because the number of student positions is limited.', '<p>Freihorst, D., Fowler, T., Bartholomew, K., Raudaskoski, M., Horton, J. S., Kothe, E. 2016. The Mating-Type Genes of the Basidiomycetes, <em>In</em> The Mycota I: Growth, Differentiation and Sexuality, 3rd Edition. pp. 329-349. J. Wendland (Ed.), Springer International.</p>\r\n<p>Raudaskoski, M. Kothe, E., Fowler, T. J., Jung, E., Horton, J. S.&#160; 2012. Ras and Rho small G proteins: Insights from the <em>Schizophyllum commune</em> genome sequence and comparisons to other fungi.&#160; Biotechnology and Genetic Engineering Reviews 28: 61-100.</p>\r\n<p>Ohm, R. A., de Jong J.F., Lugones,L.G., Aerts, A., Kothe, E., Stajich, J.E., de Vries, R.P., Record, E., Levasseur, A., Baker, S.E., Bartholomew, K.E., Coutinho, P.M., Erdmann, S.,&#160; Fowler, T.J., Gathman, A.C., Lombard, V., Henrissat, B., Knabe, N., K&#252;es, U., Lilly, W.W., Lindquist, E., Lucas, S., Magnuson, J.K., Piumi, F., Raudaskoski, M., Salamov, A., Schmutz, J., Schwarze, F.W.M.R, vanKuyk, P.A., Horton, J.S., Gregoriev, I., and H.A.B W&#246;sten. 2010. Genome sequence of the model mushroom <em>Schizophyllum commune</em>.&#160; Nature Biotechnology 28:957-63.</p>\r\n<p>Fowler, T.J.&#160; 2010. A carboxy-subterminal aromatic residue in <em>Schizophyllum commune</em> mating pheromones controls specific recognition by Bar4 receptor. Fungal Genetics Reports 57: 4-6.</p>\r\n<p>Fowler, T.J. and Vaillancourt, L.J.&#160; 2007. Pheromones and Pheromone Receptors in <em>Schizophyllum commune</em> Mate Recognition:&#160; Retrospective of a Half-Century of Progress and a Look Ahead, pp. 301-316, In <em>Sex in Fungi:&#160; Molecular Determination and Evolutionary Implications</em>, J. Heitman, J.W. Kronstad, J.W. Taylor, and L.A. Casselton, eds., ASM Press, Washington, D.C.</p>\r\n<p>Fowler, T.J., Mitton, M.F., Rees, E.I. and C.A. Raper. 2004. Crossing the boundary between the Ba and Bb mating-type loci in <em>Schizophyllum commune.</em> Fungal Genet. and Biol. 41:89-101.</p>\r\n<p>Raper, C. and Fowler, T.,&#160; 2004.&#160; Why study <em>Schizophyllum</em>?&#160; Fungal Genet. Newsl. 51: 30-36.</p>\r\n<p>Raper, C. and Fowler, T.,&#160; 2004.&#160; <em>Schizophyllum</em> bibliography.&#160; Fungal Genet. Newsl. 51: 37-66.</p>\r\n<p>Fowler, T.J., Mitton, M.F., Vaillancourt, L.J., and C.A. Raper.&#160; 2001.&#160; Changes in mate recognition through alterations of pheromones and receptors in the multisexual mushroom-bearing fungus <em>Schizophyllum commune</em>.&#160; Genetics 158: 1491-1503.</p>\r\n<p>Fowler, T.J., and M.F. Mitton. 2000. <em>Scooter</em>, a new active transposon in <em>Schizophyllum commune,</em> has disrupted two genes regulating signal transduction.&#160; Genetics 156: 1585-1594.</p>\r\n<p>Fowler, T.J.*, DeSimone, S.M.*, Mitton, M.F., Kurjan, J., and C.A. Raper. 1999. Multiple sex pheromones and receptors of a mushroom-producing fungus elicit mating in yeast.&#160; Mol. Biol. Cell 10: 2559-2572. (*equal contribution)</p>', '../images/faculty/Tom_Fowler.jpg', 'Molecular genetics and cell signaling in fungi.'),
('Dr. Vance McCracken', 'Associate Professor, Chair', 'Ph.D. University of Illinois, 2001', 'SLW 1165', 'SLW 1010', '(618) 650-5246', 'vmccrac@siue.edu', 'http://www.siue.edu/~vmccrac/', 'Contemporary Biology (BIOL 111), Freshman Seminar (BIOL 111-FS), Human Biology (Biology 140), Bacter', 'My research focuses on the areas of gastrointestinal microbiology and mucosal immunology, with an emphasis on the interactions between the immune system, the gastrointestinal epithelium, and the indigenous and pathogenic bacteria inhabiting the gastrointestinal tract. Current research interests include inflammatory bowel disease as well as the immune and epithelial responses to gastric and enterohepatic Helicobacter species. We also use molecular approaches to study microbial communities in gut, soil, and other ecosystems. Finally, we are part of a team involved in natural products-based drug discovery, specifically the isolation of novel anti-infective agents from plants native to the Venezuelan Andes.', 'Undergraduate and graduate students, depending on available positions. Please contact me if interested.', '<p>Mora&#160; FD, Alpan&#160; L, McCracken VJ, Nieto M. (2013). Chemical and biological aspects of the genus <em>Verbesina</em>. The Natural Products Journal 3:140-150.</p>\r\n<p>Mora&#160; FD, Alpan L, de Tomassai N, McCracken VJ, Nieto M. 2013. New antibacterial germacrene from <em>Verbesina negrensis</em>. Planta Med. 79:707-710.</p>\r\n<p>Pagliero RJ, Mercado R, McCracken VJ, Mazzieri MR, Nieto MJ. (2011) Rapid and facile synthesis of N-benzenesulfonyl derivatives of heterocycles and their antimicrobial properties.&#160; Lett. Drug. Des. Disc. 8:778-791.</p>\r\n<p>Schmitz JM, Durham CG, Schoeb TR, Soltau TD, Wolf KJ, Tanner SM, McCracken VJ, Lorenz RG. (2011) Helicobacter felis-associated gastric disease in microbiota-restricted mice. The Journal of Histochemistry and Cytochemistry. 59:826-841.</p>\r\n<p>Schmitz JM, McCracken VJ, Dimmitt RA, Lorenz RG. (2007) Expression of CXCL15 (lungkine) in murine gastrointestinal, urogenital, and endocrine organs. J. Histochem. Cytochem. 55:515-524.</p>\r\n<p>McCracken VJ, Martin SM, Lorenz RG (2005) The <em>Helicobacter felis</em> model of adoptive transfer gastritis. Immunol. Res. 343:183-194.</p>\r\n<p>Lorenz RG, McCracken VJ, Elson CO. (2005) Animal models of intestinal inflammation: Ineffective communication between coalition members. Springer Semin. Immun. 27:233-247.</p>\r\n<p>Elson CO, Cong Y, McCracken VJ, Dimmitt RA, Lorenz RG, Weaver CT (2005) Experimental models of inflammatory bowel disease reveal innate, adaptive, and regulatory mechanisms of host dialogue with the microbiota. Immunol. Rev. 206:260-276.</p>\r\n<p><span>See&#160;my&#160;</span><a href=\"https://scholar.google.com/citations?user=dTMe5V0AAAAJ&amp;hl=en\" target=\"_blank\"><span>Google&#160;Scholar Profile</span></a><span class=\"apple-converted-space\"><span>&#160;</span><span>for&#160;a complete list of publications.</span></span></p>', '../images/faculty/Vance_McCracken.jpg', 'Gastrointestinal microbiology and mucosal immunology, Helicobacter pylori, enterohepatic Helicobacter species, inflammatory bowel disease, molecular approaches to microbial ecology, testing of novel antimicrobial compounds.'),
('Dr. Bill Retzlaff', 'Professor, Associate Dean College of Arts and Sciences', 'Ph.D. Clemson University, 1987', 'PH 3431', 'SLW 2235', '(618) 650-2728', 'wretzla@siue.edu', 'Not Any', '', 'Dr. Retzlaff is currently the research co-director of the St. Louis metropolitan area research collaboration (G.R.E.E.N.  Green Roof Environmental Evaluation Network) based at Southern Illinois University Edwardsville (SIUE).His main areas of research interest include:evaluation of green roof and green wall technologies,sustainable green infrastructure, and sustainable use of residual waste products.', 'Dr. Retzlaff is currently looking for student/faculty research collaborators in the following areas: integration of sustainable practices into academic curriculum, large data set statistical and/or modeling analysis, evaluation of native plant performance in green infrastructure. Potential student/faculty research collaborators will share: LARGE collaborative group (faculty/students/industry collaborators),access to MANY sustainable research sites locally, regionally, and nationally, a NEW environmental sciences research laboratory, and lab/sampling tools. For more information, please contact me.', '<p>Alsup, S., S. Ebbs, and W. Retzlaff. 2009. The exchangeability and leachability of metals from select green roof growth substrates. Urban Ecosystems. Urban Ecosyst 13:91-111&#160;</p>\r\n<p>Alsup, S., S. Ebbs, L. Battaglia, and W. Retzlaff. 2011. Heavy metals in leachate from simulated green roof systems. Ecol. Eng. 37:1709-1717</p>\r\n<p>Morgan, S., I. Alyaseri, and W. Retzlaff. 2011. Suspended solids in and turbidity of runoff from green roofs. International J Phytotechnology. 13:179-193.</p>\r\n<p>Brugam, R., M. Ketterer, L. Maines, ZH. Lin, and W. Retzlaff. 2012. Application of a simple binary mixing model to the reconstruction of lead pollution sources to two Mississippi River floodplain lakes. J of Paleolimnology 47:101-112</p>\r\n<p>Pawlow, L and W. Retzlaff. 2012. Undergraduate researchers become change agents for sustainability. CUR Quarterly 33:28-32</p>\r\n<p>Alsup, S., S. Ebbs, L. Battaglia, and W. Retzlaff. 2013. Green roof systems as sources or sinks influencing heavy metal concentrations in runoff. J Environ Eng 139:502-508&#160;</p>\r\n<p>Morgan, S., S. Celik, and W. Retzlaff. 2013. Green roof storm water runoff quality and quantity. J Environ Eng 139:471-478&#160;</p>\r\n<p>Alyaseri, I., S. Morgan, and W. Retzlaff. 2013. Using turbidity to determine total suspended solids in stormwater runoff from green roofs. J Environ Eng 139:822-828</p>\r\n<p>Karanam, H., W. Retzlaff, S. Morgan, and S. Celik. 2013. Experimental and theoretical analysis of evapotranspiration in green roof systems. Pp. 1055-1066. IN: Causes, Impacts and Solutions to Global Warming (Eds. I. Dincer, C.O. Colpan, and F. Kadioglu). Springer New York</p>\r\n<p>Karthic, I., R. Brugam, W. Retzlaff, and K. Johnson. 2013. The impact of nitrogen contamination and river modification on a Mississippi River floodplain lake. Science of Total Environ 463-364:734-742</p>', '../images/faculty/Bill_Retzlaff.jpg', 'Green roof systems.'),
('Dr. Zhi-Qing Lin', 'Professor', 'Ph.D. McGill University, 1996', 'SLW 2180', 'SLW 2090', '(618) 650-2650', 'zhlin@siue.edu', 'http://www.siue.edu/~zhlin/', 'Pollution Ecology (BIOL 468), Applied Ecology (464/564), Environmental Sampling (ENSC 520), Phytorem', 'My research interests cover the following aspects: (1) developing phytoremediation technology for the cleanup of trace element contaminated water and soil, including the use of? phytoextraction, phytostabilization, phytovolatilization, and constructed wetland treatment systems; (2) understanding the control of major environmental factors over the biogeochemical cycles of contaminants in the air-water-soil-plant system, particularly with respect to transport, fate, and chemical transformation of pollutants in ecosystems; (3) characterizing ecosystem responses to phytoremediation processes and other anthropogenic perturbations, such as agricultural or industrial pollution and waste management.', 'Undergraduates, graduate students, and visiting scholars. For inquiries please contact me.', '<p>Lin, Z.Q., S. Haddad, J. Hong, J. Morrissy, G.S. Ba&#241;uelos &amp; L.Y. Zhang. 2014. Selenium biofortification differences on thin and fat types of edible fungi. In: Ba&#241;uelos, G.S., Z.-Q. Lin, and X.B. Yin (eds.). Selenium in the Environment and Human Health. CRC Press, Boca Raton, Florida.124-126.</p>\r\n<p>Huff, D., J. Harris, P. Brunkow, K.A. Johnson, Z.-Q. Lin, and J. Schaefer. 2010. Accumulation and distribution of arsenic in pond snail and fish with different feeding strategies and effects of phosphorous contamination in wetland microcosms. In: J.-S. Jean, J. Bundschuh, and P. Bhattacharya (eds.), Arsenic in Geosphere and Human Diseases &#8211; As 2010. CRC Press. Boca Raton, FL. 204-205.</p>\r\n<p>Mudhoo, A., S.K. Sharma, Z.-Q. Lin, and O.P. Dhankher. 2010. Phytoremediation of arsenic-contaminated environment: An overview. In: S.K. Sharma and A. Mudhoo (Eds.), Green Chemistry for Environmental Sustainability. CRC Press, Boca Raton, Florida. 127-149.</p>\r\n<p>Wu, Zhi-lin, Xue-bin Yin, Z.-Q. Lin, Gary S. Ba&#241;uelos, Lin-Xi Yuan, Ying Liu, and Miao Li. 2014. Inhibitory effect of selenium against Penicillium expansum and its possible mechanisms of action. Current Microbiology. DOI 10.1007/s00284-014-0573-0.</p>\r\n<p>Ruppert, L., Z.-Q. Lin, R.P. Dixon, and K.A. Johnson. 2013. Assessment of solid phase microfiber extraction fibers for the monitoring of volatile organoarsinicals emitted from a plant-soil system. Journal of Hazardous Materials. 262: 1230-1236.</p>\r\n<p>Huang, J.C., M. Su&#225;rez, S.I. Yang, Z.-Q. Lin, and N. Terry. 2013. Development of a constructed wetland water treatment system for selenium removal: Incorporation of an algal treatment component. Environmental Science and Technology. 47: 10518&#8722;10525.</p>\r\n<p>Yuan, L., Y.Y. Zhu, Z.-Q. Lin, G.S. Ba&#241;uelos, W. Li, and X.B. Yin. 2013. A novel selenocystine-accumulating plant in selenium-mine drainage area in Enshi, China. PLoS ONE 8(6): e65615.</p>\r\n<p>Huang, Y., Q. Wang, J. Gao, Z.-Q. Lin, G.S. Ba&#241;uelos, L.X. Yuan, and X.B. Yin. 2013. Daily dietary selenium intake and hair selenium contents in a high selenium area of Enshi, China. Nutrients. 5(3): 700-710.</p>\r\n<p>Hussar, E., S. Richards, Z.-Q. Lin, R.P. Dixon, and K.A. Johnson. 2012. Human health risk assessment of 16 priority polycyclic aromatic hydrocarbons in soils of Chattanooga, Tennessee, USA. Water, Soil, and Air Pollution. 223(9): 5535-5548.</p>\r\n<p>Wang, S., D. Liang, D. Wang, W. Wei, D. Fu, and Z.-Q. Lin. 2012. Selenium fractionation and speciation in agriculture soils and accumulation in corn (Zea mays L.) under field conditions in Shaaxi Province, China. Science of the Total Environment. 427-428: 159&#8211;164.</p>\r\n<p>Mahdy, A.M., E.A. Elkhatib, N.O. Fathi, and Z.-Q. Lin. 2012. Use of drinking water treatment residuals in reducing bioavailability of metals in biosolid-amended alkaline soils. Communication in Soil Science and Plant Analysis. 43: 1216&#8211;1236.</p>\r\n<p>Brugam, R.B., M. Ketterer, L. Maines, Z.-Q. Lin, and W.A. Retzlaff. 2012. Application of a simple binary mixing model to the reconstruction of lead pollution sources in two Mississippi River floodplain lakes. Journal of Paleolimnology. 47: 101-112.</p>\r\n<p>Gao, J., Y. Liu, Z.-Q. Lin, G.S. Ba&#241;uelos, M. Lam, X.B. Yin. 2010. Daily selenium intake in a moderate selenium deficiency area of Suzhou, China. Food Chemistry. 126(3):1088-1093.</p>\r\n<p>Ba&#241;uelos, G.S. and Z.-Q. Lin. 2010. Cultivation of Indian Fig Opuntia in selenium-laden agriculture drainage sediments under field conditions. Soil Use and Management. 26(2): 167-175.</p>\r\n<p>Lin, Z.-Q., N.Terry, S. Gao, H. Hussein, and Z.H. Ye. 2010. Vegetation changes and partitioning of selenium in 4-year-old constructed wetlands treating agricultural drainage. International Journal of Phytoremediation.12(3): 255-267.</p>', '../images/faculty/ZQ_Lin.jpg', 'Developing phytoremediation technology for the cleanup of trace element contaminated water and soil, including the use of phytoextraction, phytostabilization, phytovolatilization, and constructed wetland treatment systems.');

-- --------------------------------------------------------

--
-- Table structure for table `internship_opportunities`
--

CREATE TABLE `internship_opportunities` (
  `ID` int(10) UNSIGNED NOT NULL,
  `Title` text NOT NULL,
  `Description` text NOT NULL,
  `Link` text NOT NULL
) ENGINE=InnoDB DEFAULT CHARSET=latin1;

--
-- Dumping data for table `internship_opportunities`
--

INSERT INTO `internship_opportunities` (`ID`, `Title`, `Description`, `Link`) VALUES
(1, 'NASCAR Diversity Internship - Green and Innovation', 'The National Association for Stock Car Auto Racing (NASCAR) seeks the exceptional, the talented and the driven to contribute to its success as one of North America\'s premier sports. Offering opportunities in various areas across the corporation, NASCAR encourages innovation and creativity on and off the track. The NASCAR Diversity Internship Program (NDIP) is a 10-week, paid summer internship that targets diverse college students. NASCAR Diversity Interns contribute to the complex motorsports workforce; learn from leading NASCAR executives in weekly Lunch and Learns; and network with industry professionals. Many participants secure full-time employment within NASCAR and the motorsports industry upon completion of the program.', 'https://diversityjobs.com/jobsearch/display/718470389?utm_campaign=exportfeed&utm_term=indeed_djats&source=indeed'),
(2, 'Genome Engineering Intern - Monsanto', 'The Protein Sciences Team in St. Louis, MOis seeking an intern who will perform lab experiments, document results and contribute to development of the novel tools for genome editing based crop improvement. \r\nThe role will encompass a broad range of molecular biology and protein biochemistry including but not limited to DNA extraction, PCR and sequence based assays for detecting editing events, protein expression and purification, and characterization.\r\nThe intern will be expected to work independently within a team environment.  Ability to record experimental procedures and data in a clear, accurate manner is essential, along with effective verbal and written communication. An eagerness to learn and willingness to improve is a must.\r\nThis position offers a fantastic opportunity for an individual to learn and grow in a dynamic research environment. \r\nDates for this summer internship are May 14 to August 3 of 2018.', 'https://jobs.monsanto.com/job/-/-/769/5776217?src=JB-10293'),
(3, 'Research Scientist II - AB Mauri', 'The individual will work within a team of scientists, providing technical analysis and recommendations for development of research plans for product development activities within the department.', 'https://www.indeed.com/cmp/AB-Mauri/jobs/Research-Scientist-6768d40f410e0c38?q=Biology+Intern'),
(4, 'Lab Assistant - Monsanto', 'You will be required to assist the lead lab professor with their experiments. You will also need to write up and transcribe lab reports for filing. ', 'www.monsanto.com');

-- --------------------------------------------------------

--
-- Table structure for table `job_market`
--

CREATE TABLE `job_market` (
  `ID` int(11) NOT NULL,
  `title` text NOT NULL,
  `pay` text NOT NULL,
  `education` text NOT NULL,
  `experience` text NOT NULL,
  `bio` text NOT NULL
) ENGINE=InnoDB DEFAULT CHARSET=latin1;

--
-- Dumping data for table `job_market`
--

INSERT INTO `job_market` (`ID`, `title`, `pay`, `education`, `experience`, `bio`) VALUES
(1, 'Zoologists and Wildlife Biologists', '$60,520 per year \r\n', 'Bachelor\'s degree', 'None', 'Zoologists and wildlife biologists study animals and other wildlife and how they interact with their ecosystems. They study the physical characteristics of animals, animal behaviors, and the impacts humans have on wildlife and natural habitats.'),
(2, 'Dentist', '$159,770 per year \r\n', 'Doctoral or professional degree', 'None', 'Dentists diagnose and treat problems with a patient\'s teeth, gums, and related parts of the mouth. They provide advice and instruction on taking care of the teeth and gums and on diet choices that affect oral health.'),
(3, 'Environmental Scientists and Specialists', '$68,910 per year \r\n', 'Bachelor\'s degree', 'None', 'Environmental scientists and specialists use their knowledge of the natural sciences to protect the environment and human health. They may clean up polluted areas, advise policymakers, or work with industry to reduce waste.'),
(4, 'Postsecondary Teacher', '$75,430 per year', 'Doctoral degree', 'postdoctoral reaserch experience', 'Postsecondary teachers instruct students in a wide variety of academic and technical subjects beyond the high school level. They may also conduct research and publish scholarly papers and books.'),
(5, 'Biochemists and Biophysicists', '$82,180 per year \r\n', 'Doctoral or professional degree', 'None', 'Biochemists and biophysicists study the chemical and physical principles of living things and of biological processes, such as cell development, growth, heredity, and disease.'),
(6, 'Microbiologists', '$66,850 per year \r\n', 'Bachelor\'s degree', 'None', 'Microbiologists study microorganisms such as bacteria, viruses, algae, fungi, and some types of parasites. They try to understand how these organisms live, grow, and interact with their environments.'),
(7, 'Medical Scientist', '$80,530 per year \r\n', 'Doctoral or professional degree', 'None', 'Medical scientists conduct research aimed at improving overall human health. They often use clinical trials and other investigative methods to reach their findings.');

-- --------------------------------------------------------

--
-- Table structure for table `laboratories`
--

CREATE TABLE `laboratories` (
  `ID` int(10) UNSIGNED NOT NULL,
  `name` text NOT NULL,
  `room` text NOT NULL,
  `used_for` text NOT NULL,
  `equipment` text NOT NULL,
  `image_link` text NOT NULL
) ENGINE=InnoDB DEFAULT CHARSET=latin1;

--
-- Dumping data for table `laboratories`
--

INSERT INTO `laboratories` (`ID`, `name`, `room`, `used_for`, `equipment`, `image_link`) VALUES
(1, 'Microscopy Lab', 'SLW1390', 'Microscopy and Genetics courses', 'Microscope (x20), glass slide (x100), magnifying glass (x20), liquid dropper (x20),  dissecting tray (x20).', 'microscopylab.jpg'),
(2, 'Physiology Lab', 'SLW1025', 'Human Anatomy and Physiology classes. ', 'Pulse Transducer,\r\n5 Lead Shielded Bio Amp Cable,\r\nShielded Lead Wires (5 snap-on),\r\nStimulating Bar Electrode,\r\nSphygmomanometer,\r\nRespiratory Belt Transducer,\r\nGrip Force Transducer,\r\nCardio Microphone,\r\nPush Button Switch,\r\nEEG Flat Electrodes,\r\nDry Earth Strap,\r\nReusable ECG Electrodes,\r\nDisposable ECG Electrodes (100 pack),\r\nAbrasive Gel,\r\nElectrode Cream,\r\nElectrode Paste,\r\nAlcohol Swabs,\r\nTeaching System Case.', 'physiologylab.jpg'),
(3, 'Cell Biology Lab', 'SLW1080', 'Cell Biology and Microbiology courses', 'microscopes (x20), glassware, tubes, weigh boats (x60), balance (x10), centriguge (x5), pipet pumps.', 'biologylab.jpg'),
(4, 'Forensics Lab', 'SLW2090', 'Histology and Toxicology courses', 'Evidence Storage,\r\nEvidence Drying Cabinet,\r\nFingerprint Analysis,\r\nFluorescence Spectroscopy,\r\nFluorometry,\r\nForensic DNA Analysis,\r\nForensic Toxicology,\r\nGas Chromatography Equipment,\r\nHistology and Pathology Laboratory Equipment.', 'forensiclab.jpg');

-- --------------------------------------------------------

--
-- Table structure for table `officemembers`
--

CREATE TABLE `officemembers` (
  `name` varchar(255) NOT NULL,
  `position` varchar(255) NOT NULL,
  `office` varchar(255) NOT NULL,
  `phone` varchar(255) NOT NULL,
  `fax` varchar(255) NOT NULL,
  `email` varchar(255) NOT NULL
) ENGINE=InnoDB DEFAULT CHARSET=latin1;

--
-- Dumping data for table `officemembers`
--

INSERT INTO `officemembers` (`name`, `position`, `office`, `phone`, `fax`, `email`) VALUES
('Dr. Tom Fowler', 'Graduate Program Director', 'SLW 1110', '618-650-5231', '618-650-3174', 'bio_grad@siue.edu'),
('Pam Cunningham', 'Office Manager', 'SLW 1160', '618-650-3928', '618-650-3174', 'phartze@siue.edu'),
('Dr. Peter Minchin', 'Webmaster', 'SLW 1250', '618-650-2975', '618-650-3174', 'pminchi@siue.edu'),
('Dr. Vance McCracken', 'Chair', 'SLW 1165', '618-650-5246', '618-650-3174', 'vmccrac@siue.edu');

-- --------------------------------------------------------

--
-- Table structure for table `seminars`
--

CREATE TABLE `seminars` (
  `id` int(32) NOT NULL,
  `date` varchar(255) NOT NULL,
  `speaker` varchar(255) NOT NULL,
  `institution` varchar(255) NOT NULL,
  `title` varchar(255) NOT NULL
) ENGINE=InnoDB DEFAULT CHARSET=latin1;

--
-- Dumping data for table `seminars`
--

INSERT INTO `seminars` (`id`, `date`, `speaker`, `institution`, `title`) VALUES
(1, 'Sep 11', 'Dev Niyogi', 'Missouri S&T', 'Leaf Decomposition in Streams: Biotic Players and Responses to Stress'),
(2, 'Sep 18', 'Joe Steensma', 'Washington University in St. Louis', 'Studies in Public Health'),
(3, 'Sep 25', 'Gerardo Camilo', 'St. Louis University', 'Bee diversity in urban environments: Ecological and Socio-economic drivers'),
(4, 'Oct 2', 'Gideon Erkenswick', 'University of Missouri, St Louis', 'Primate Parasite Ecology in the Peruvian Amazon'),
(5, 'Oct 16', 'Kurt Neubig', 'Southern Illinois University Carbondale', 'The importance of hybridization in the evolution of plants'),
(6, 'Oct 23', 'Marko Spasojevic', 'University of California Riverside', 'Community Assembly – advances and applications to global change'),
(7, 'Oct 30', 'Michelle Pherson ', 'St. Louis University', 'A Role for the PRC1 Silencing Complex in Active Gene Transcription'),
(8, 'Nov 6', 'Alexis Hill', 'Washington University in St. Louis', 'Impact of Drosophila DEG/ENaC channels on neurotransmission and behavior'),
(9, 'Nov 13', 'Vance McCracken', 'Southern Illinois University Edwardsville', 'Effects of berberine on microbial bile acid metabolism');

-- --------------------------------------------------------

--
-- Table structure for table `software`
--

CREATE TABLE `software` (
  `Name` varchar(32) NOT NULL,
  `file` varchar(255) DEFAULT NULL,
  `img` varchar(255) DEFAULT NULL,
  `descr` text NOT NULL
) ENGINE=InnoDB DEFAULT CHARSET=latin1;

--
-- Dumping data for table `software`
--

INSERT INTO `software` (`Name`, `file`, `img`, `descr`) VALUES
('COMPAS', 'download/compas.zip', 'compas.jpg', '<p>COMPAS (Community Pattern Simulator)&#160;is a program that generates simulated community data based on explicit models of how species respond to environmental gradients. Simulated data of this type are useful to evaluate methods for community analysis (e.g., ordination and clustering) because the underlying gradient structure is known and can be used to specify quantitative measures of success. COMPAS has been gradually developed by Dr. Peter Minchin since the early 1980s. It was originally designed to run on mainframe systems and later adapted for personal computers. The program is not a Windows application but runs on any Windows-based PC in a command window. In the interest of stimulating research on community analysis methods, COMPAS is distributed free of charge&#160;with the expectation that any publications arising from its use will include an acknowledgement to Dr. Peter Minchin for use of the software and also cite the following paper, in which the simulation procedure implemented in COMPAS was first described:</p>\r\n                         <p>Minchin, P.R. (1987). Simulation of multidimensional community patterns: towards a comprehensive model. Plant Ecology&#160;71: 145-156.</p>\r\n                         <p>COMPAS is distributed with no warranty and use of the software is totally at the user\'s own risk.</p>\r\n'),
('DECODA', NULL, 'decoda.gif', '<p>DECODA (Database for Ecological Community Data) is a program written by Dr. Peter Minchin for the handling and analysis of the kinds of data often&#160;collected by community ecologists. It is both a database system and a platform for data analysis by a set of methods that were not readily available in other software when DECODA was developed. These include ordination by various forms of multidimensional scaling and vector fitting, a method for interpretation of ordinations by fitting vectors of maximum correlation with explanatory variables. DECODA includes several options for capturing data from other file types and can extract data from its databases in formats suitable for input to many other popular data analysis programs (e.g., PC-ORD, CANOCO, and Primer).</p>\r\n                        <p>DECODA was originally created as a personal research tool and by modern standards it is not very user-friendly. Like COMPAS, it is not a Windows application but runs on any Windows-based PC in a command window. DECODA is NOT in the public domain and its use is subject to a license agreement. If you are interested in obtaining a copy of DECODA, please contact <a href=\"mailto:pminchi@siue.edu\">Dr. Peter Minchin</a>. A windows application with the functionality of DECODA (and many additional capabilities) is under development but progress is slow due to other commitments and a&#160;probable release date is not yet available.</p>\r\n'),
('VEGAN', '\"http://cc.oulu.fi/&#126;jarioksa/softhelp/vegan.html\" target=\"_blank', 'vegan.png', '<p>Vegan is a package in R, which is a free, open source statistical environment. The vegan package is intended to help vegetation ecologists and other community ecologists to use R. It contains all major ordination methods, ecologically meaningful dissimilarity indices, tools&#160;for analysis of diversity, species richness, and abundance models, plus numerous support functions.</p>\r\n                        <p>The main author and developer of vegan is Dr. Jari Oksanen at the University of Oulu, Finland&#160;and several collaborators have contributed code for various procedures and methods. The code for multidimensional scaling (implemented in vegan as monoMDS) was contributed by Dr. Peter Minchin and is essentially the same as the code used in DECODA.</p>\r\n                        <p>If you are interested in obtaining vegan, <a href=\"http://cc.oulu.fi/&#126;jarioksa/softhelp/vegan.html\" target=\"_blank\">click here</a> to visit Dr. Jari Oksanen\'s web page on vegan.</p>\r\n');

-- --------------------------------------------------------

--
-- Table structure for table `tut_sched`
--

CREATE TABLE `tut_sched` (
  `Dep` varchar(6) NOT NULL,
  `Name` varchar(255) NOT NULL,
  `Mon` varchar(255) DEFAULT '-',
  `Tue` varchar(255) DEFAULT '-',
  `Wed` varchar(255) DEFAULT '-',
  `Thur` varchar(255) DEFAULT '-',
  `Fri` varchar(255) DEFAULT '-',
  `Sat` varchar(255) DEFAULT '-',
  `Sun` varchar(255) DEFAULT '-'
) ENGINE=InnoDB DEFAULT CHARSET=latin1;

--
-- Dumping data for table `tut_sched`
--

INSERT INTO `tut_sched` (`Dep`, `Name`, `Mon`, `Tue`, `Wed`, `Thur`, `Fri`, `Sat`, `Sun`) VALUES
('BIOL', '111', '9:00 - 7:00', '9:00 - 2:00 3:00 - 6:00', '9:00 - 7:00', '8:00 - 7:00', '8:00 - 3:00', '9:00 - 12:00', '4:00 - 7:00'),
('BIOL', '140', '9:00 - 7:00', '9:00 - 2:00 3:00 - 6:00', '9:00 - 7:00', '8:00 - 7:00', '8:00 - 3:00', '9:00 - 12:00', '4:00 - 7:00'),
('BIOL', '150', '9:00 - 7:00', '9:00 - 2:00 3:00 - 6:00', '9:00 - 7:00', '8:00 - 7:00', '8:00 - 3:00', '9:00 - 12:00', ''),
('BIOL', '151', '9:00 - 7:00', '9:00 - 2:00 3:00 - 6:00', '9:00 - 7:00', '8:00 - 7:00', '8:00 - 3:00', '9:00 - 12:00', ''),
('BIOL', '220', '12:00 - 7:00', '9:00 - 2:00 4:00 - 6:00', '12:00 - 4:00', '10:00 - 3:30', '12:00 - 3:00', '', ''),
('BIOL', '240A', '9:00 - 5:00', '12:00 - 2:00 3:00 - 6:00', '9:00 - 3:00 3:30 - 7:00', '8:00 - 7:00', '8:00 - 1:00', '9:00 - 12:00', '4:00 - 7:00'),
('BIOL', '240B', '3:00 - 5:00', '3:00 - 5:00', '3:30 - 7:00', '2:00 - 7:00', '9:00 - 12:00', '-', '-'),
('BIOL', '250', '', '', '', '2:00 - 5:00', '9;00 - 12:00', '', '4:00 - 7:00'),
('MATH', '112', '', '9:00 - 12:00', '', '9:00 - 12:00', '12:00 - 2:00', '', ''),
('MATH', '120', '9:00 - 7:00', '9:00 - 7:00', '9:00 - 7:00', '8:00 - 7:00', '8:00 - 3:00', '9:00 - 12:00', '4:00 - 7:00'),
('MATH', '125', '9:00 - 7:00', '9:00 - 7:00', '9:00 - 7:00', '8:00 - 7:00', '8:00 - 3:00', '9:00 - 12:00', '4:00 - 7:00'),
('MATH', '145', '9:00 - 7:00', '9:00 - 7:00', '9:00 - 7:00', '8:00 - 7:00', '8:00 - 3:00', '9:00 - 12:00', '4:00 - 7:00'),
('MATH', '150', '9:00 - 7:00', '9:00 - 7:00', '9:00 - 7:00', '8:00 - 7:00', '8:00 - 3:00', '9:00 - 12:00', '4:00 - 7:00'),
('CHEM', '112', '9:00 - 7:00', '9:00 - 2:00 3:00 - 6:00', '9:00 - 7:00', '8:00 - 7:00', '8:00 - 3:00', '9:00 - 12:00', '4:00 - 7:00'),
('CHEM', '113', '9:00 - 7:00', '9:00 - 2:00 3:00 - 6:00', '9:00 - 7:00', '8:00 - 7:00', '8:00 - 3:00', '9:00 - 12:00', '4:00 - 7:00'),
('CHEM', '121', '9:00 - 7:00', '9:00 - 2:00 3:00 - 6:00', '9:00 - 7:00', '8:00 - 7:00', '8:00 - 3:00', '9:00 - 12:00', ''),
('CHEM', '131', '2:00 - 5:00', '9:00 - 12:00', '2:00 - 4:00', '10:00 - 3:30', '12:00 - 3:00', '', ''),
('CHEM', '241A', '9:00 - 7:00', '9:00 - 2:00 3:00 - 6:00', '9:00 - 7:00', '8:00 - 7:00', '8:00 - 3:00', '9:00 - 12:00', ''),
('CHEM', '241B', '12:00 - 7:00', '9:00 - 2:00 3:00 - 6:00', '12:00 - 7:00', '10:00 - 7:00', '12:00 - 3:00', '', ''),
('PHYS', '113', '1:00 - 5:00', '9:00 - 12:00', '1:00 - 4:00', '10:00 - 3:30', '12:00 - 3:00', '', ''),
('PHYS', '131', '1:00 - 5:00', '9:00 - 12:00', '1:00 - 4:00', '10:00 - 3:30', '12:00 - 3:00', '', ''),
('PHYS', '132', '1:00 - 5:00', '9:00 - 12:00', '1:00 - 4:00', '10:00 - 3:30', '12:00 - 3:00', '', ''),
('PHYS', '151', '1:00 - 5:00', '9:00 - 12:00', '1:00 - 4:00', '10:00 - 3:30', '12:00 - 3:00', '', ''),
('PHYS', '152', '1:00 - 5:00', '9:00 - 12:00', '1:00 - 4:00', '10:00 - 3:30', '12:00 - 3:00', '', '');

--
-- Indexes for dumped tables
--

--
-- Indexes for table `course`
--
ALTER TABLE `course`
  ADD UNIQUE KEY `Name` (`Name`),
  ADD KEY `Dep_Id` (`Dep_Id`);

--
-- Indexes for table `departments`
--
ALTER TABLE `departments`
  ADD PRIMARY KEY (`Dep_Id`),
  ADD UNIQUE KEY `Department` (`Department`);

--
-- Indexes for table `faculty`
--
ALTER TABLE `faculty`
  ADD PRIMARY KEY (`email`);

--
-- Indexes for table `internship_opportunities`
--
ALTER TABLE `internship_opportunities`
  ADD PRIMARY KEY (`ID`);

--
-- Indexes for table `job_market`
--
ALTER TABLE `job_market`
  ADD PRIMARY KEY (`ID`);

--
-- Indexes for table `laboratories`
--
ALTER TABLE `laboratories`
  ADD PRIMARY KEY (`ID`);

--
-- Indexes for table `officemembers`
--
ALTER TABLE `officemembers`
  ADD PRIMARY KEY (`email`);

--
-- Indexes for table `seminars`
--
ALTER TABLE `seminars`
  ADD PRIMARY KEY (`id`);

--
-- Indexes for table `software`
--
ALTER TABLE `software`
  ADD PRIMARY KEY (`Name`);

--
-- AUTO_INCREMENT for dumped tables
--

--
-- AUTO_INCREMENT for table `internship_opportunities`
--
ALTER TABLE `internship_opportunities`
  MODIFY `ID` int(10) UNSIGNED NOT NULL AUTO_INCREMENT, AUTO_INCREMENT=5;
--
-- AUTO_INCREMENT for table `job_market`
--
ALTER TABLE `job_market`
  MODIFY `ID` int(11) NOT NULL AUTO_INCREMENT, AUTO_INCREMENT=8;
--
-- AUTO_INCREMENT for table `laboratories`
--
ALTER TABLE `laboratories`
  MODIFY `ID` int(10) UNSIGNED NOT NULL AUTO_INCREMENT, AUTO_INCREMENT=5;
--
-- AUTO_INCREMENT for table `seminars`
--
ALTER TABLE `seminars`
  MODIFY `id` int(32) NOT NULL AUTO_INCREMENT, AUTO_INCREMENT=10;
--
-- Constraints for dumped tables
--

--
-- Constraints for table `course`
--
ALTER TABLE `course`
  ADD CONSTRAINT `course_ibfk_1` FOREIGN KEY (`Dep_Id`) REFERENCES `departments` (`Dep_Id`);
COMMIT;

/*!40101 SET CHARACTER_SET_CLIENT=@OLD_CHARACTER_SET_CLIENT */;
/*!40101 SET CHARACTER_SET_RESULTS=@OLD_CHARACTER_SET_RESULTS */;
/*!40101 SET COLLATION_CONNECTION=@OLD_COLLATION_CONNECTION */;
